thumbnail_url;logo_url;channel_url;title;category;description
https://r.dcs.redcdn.pl/scale/play/playtv/images/epg_play_sndf49nbfkU_r320B7F65DlnbfsEFcaB2h4o6bJ79X/m/e/diaakpa3463116.jpg?srcmode=3&srcw=16&srch=9&dstw=420&dsth=236&quality=80&type=1;https://r.dcs.redcdn.pl/scale/play/playtv/upload/live/24/images/874819430?srcmode=3&srcx=0&srcy=0&srcw=1&srch=1&dstw=512&dsth=512&type=0;https://playnow.pl/wideo/serial/18375205;Grzechy i grzeszki;Serial obyczajowy;Dwaj księża (Max von Thun, Friedrich von Thun) konfrontują się w konfesjonałach z nietypowymi osobami. Spowiednicy muszą wykazać się niezwykłą cierpliwością. Grzesznicy żyją bowiem w przekonaniu, że w głębi serca są bez skazy. W każdym odcinku zostanie przedstawiona historia innej spowiedzi.
https://r.dcs.redcdn.pl/scale/play/playtv/upload/live/24/images/874819430?srcmode=3&srcx=0&srcy=0&srcw=1&srch=1&dstw=512&dsth=512&type=0;https://r.dcs.redcdn.pl/scale/play/playtv/upload/live/24/images/874819430?srcmode=3&srcx=0&srcy=0&srcw=1&srch=1&dstw=512&dsth=512&type=0;https://playnow.pl/wideo/serial/20574247;Diagnoza Betty;Serial obyczajowy;Betty wiedzie spokojne życie u boku swojego wieloletniego partnera, muzyka rockowego Tamasa. Do pełni szczęścia kobiecie brakuje tylko dzieci. Także praca pielęgniarki przynosi Betty wiele satysfakcji, choć do szpitala niekiedy trafiają niesforni pacjenci, którzy przysparzają problemów całemu personelowi.
https://r.dcs.redcdn.pl/scale/play/playtv/images/epg_play_sndf49nbfkU_r320B7F65DlnbfsEFcaB2h4o6bJ79X/m/e/diaakpa4305630.jpg?srcmode=3&srcw=16&srch=9&dstw=420&dsth=236&quality=80&type=1;https://r.dcs.redcdn.pl/scale/play/playtv/upload/live/38019/images/908106501?srcmode=3&srcx=0&srcy=0&srcw=1&srch=1&dstw=512&dsth=512&type=0;https://playnow.pl/wideo/serial/18373908;Z pamiętnika położnej 3;Serial obyczajowy;Podstawą do stworzenia scenariusza do serialu stały się wspomnienia Jennifer Worth. W trzecim sezonie młoda pielęgniarka, Jenny (Jessica Raine), pracująca w londyńskim szpitalu-klasztorze znów będzie niosła pomoc najbiedniejszym i najbardziej potrzebującym kobietom.
https://r.dcs.redcdn.pl/scale/play/playtv/images/epg_play_sndf49nbfkU_r320B7F65DlnbfsEFcaB2h4o6bJ79X/m/e/diaakpa3846781.jpg?srcmode=3&srcw=16&srch=9&dstw=420&dsth=236&quality=80&type=1;https://r.dcs.redcdn.pl/scale/play/playtv/upload/live/3294207/images/926573289?srcmode=3&srcx=0&srcy=0&srcw=1&srch=1&dstw=512&dsth=512&type=0;https://playnow.pl/wideo/serial/18352022;Family Guy: Głowa rodziny 19;Serial animowany dla dorosłych;Zabawne perypetie Petera Griffina i jego osobliwej rodziny. Bohaterowie codziennie muszą stawiać czoło nietypowym sytuacjom.
https://r.dcs.redcdn.pl/scale/play/playtv/images/epg_play_sndf49nbfkU_r320B7F65DlnbfsEFcaB2h4o6bJ79X/m/e/diaakpa3685273.jpg?srcmode=3&srcw=16&srch=9&dstw=420&dsth=236&quality=80&type=1;https://r.dcs.redcdn.pl/scale/play/playtv/upload/live/3294207/images/926573289?srcmode=3&srcx=0&srcy=0&srcw=1&srch=1&dstw=512&dsth=512&type=0;https://playnow.pl/wideo/serial/18351986;Simpsonowie 34;Serial animowany dla dorosłych;Dalsze perypetie typowej amerykańskiej rodziny mieszkającej na przedmieściach Springfield. Satyryczna animacja, która weszła do kanonu popkultury, jest jednym z najdłużej emitowanych seriali w historii. Widzowie mogą śledzić losy Simpsonów od 1989 roku. Homer pracuje w elektrowni jądrowej. Lubi przesiadywać na kanapie przed telewizorem i w knajpie z kolegami. Marge to przykładna pani domu. Bierze udział w akcjach społecznych i rzadko pozwala sobie na odstępstwa od perfekcyjnego wizerunku. Bart nie lubi szkoły, zdarza mu się nawet popaść w konflikt z prawem. Jego siostra Lisa ma zadatki na geniusza.
https://r.dcs.redcdn.pl/scale/play/playtv/upload/live/22/images/908106479?srcmode=3&srcx=0&srcy=0&srcw=1&srch=1&dstw=512&dsth=512&type=0;https://r.dcs.redcdn.pl/scale/play/playtv/upload/live/22/images/908106479?srcmode=3&srcx=0&srcy=0&srcw=1&srch=1&dstw=512&dsth=512&type=0;https://playnow.pl/wideo/serial/18356420;Miasteczko South Park 13;Serial animowany dla dorosłych;Kolejna seria jednej z najbardziej skandalizujących kreskówek w historii animacji. Bohaterowie używają całej gamy wymyślnych przekleństw, otwarcie rozmawiają na tematy tabu, poruszają problemy seksualności bez najmniejszego skrępowania i popularyzują tzw. humor etniczny, za który w Stanach Zjednoczonych można stracić pracę. Głównymi postaciami są koledzy z jednej klasy: Eric Cartman, rozpieszczony, tłusty i złośliwy dzieciak, uosobienie egoisty, rasisty i antysemity, Kenny McCormick chłopiec z z biednej, patologicznej rodziny, obiekt kpin Cartmana, w większości odcinków w nietypowy sposób zabijany, wywodzący się z rodziny ortodoksyjnych Żydów Kyle Broflovski oraz najmądrzejszy i najspokojniejszy z całej czwórki Stan Marsh, beznadziejnie zakochany w szkolnej koleżance, Wendy.
https://r.dcs.redcdn.pl/scale/play/playtv/images/epg_play_sndf49nbfkU_r320B7F65DlnbfsEFcaB2h4o6bJ79X/m/e/diaakpa3231048.jpg?srcmode=3&srcw=16&srch=9&dstw=420&dsth=236&quality=80&type=1;https://r.dcs.redcdn.pl/scale/play/playtv/upload/live/18/images/913218416?srcmode=3&srcx=0&srcy=0&srcw=1&srch=1&dstw=512&dsth=512&type=0;https://playnow.pl/wideo/serial/18374430;Grzmotomocni 3;Serial dla młodzieży;Ciąg dalszy burzliwych perypetii obdarzonego nadprzyrodzonymi zdolnościami rodzeństwa i ich rodziców, Hanka (Chris Tallman) i Barb (Rosa Blasi) Grzmotomocnych. Nastoletnia Phoebe (Kira Kosarin) stara się nie nadużywać swoich supermocy. Jej zupełnym przeciwieństwem jest Max (Jack Griffo). Z kolei pełen energii Billy (Diego Velazquez) pragnie zostać bohaterem. Najmłodszym członkiem rodziny jest rezolutna Nora (Addison Riecke).
https://r.dcs.redcdn.pl/scale/play/playtv/images/epg_play_sndf49nbfkU_r320B7F65DlnbfsEFcaB2h4o6bJ79X/m/e/diaakpa5905427.jpg?srcmode=3&srcw=16&srch=9&dstw=420&dsth=236&quality=80&type=1;https://r.dcs.redcdn.pl/scale/play/playtv/upload/live/23917217/images/1023144069?srcmode=3&srcx=0&srcy=0&srcw=1&srch=1&dstw=512&dsth=512&type=0;https://playnow.pl/wideo/serial/29433916;Kochaj mnie 2;Serial obyczajowy;Ciąg dalszy miłosnych perypetii członków tej samej rodziny, będących na różnych etapach życia. Aaron (William Lodder) niebawem ma zostać ojcem. Glen (Hugo Weaving) odkrywa uroki małżeńskiego życia ze świeżo poślubioną Anitą (Heather Mitchell). Zainspirowani ich doświadczeniami Clara (Bojana Novakovic) i Peter (Bob Morley) postanawiają rozpocząć własną podróż ku rodzicielstwu.
https://r.dcs.redcdn.pl/scale/play/playtv/images/catchup/56d5bf88-9102-4c13-973c-cc8617132895/AEL0171259_POST_SN_1920x1080.jpg?srcmode=3&srcw=16&srch=9&dstw=420&dsth=236&quality=80&type=1;https://r.dcs.redcdn.pl/scale/play/playtv/upload/live/5511368/images/1025055463?srcmode=3&srcx=0&srcy=0&srcw=1&srch=1&dstw=512&dsth=512&type=0;https://playnow.pl/wideo/serial/36614144;Najsłynniejszy dom publiczny - Mroczne sekrety;Dokument;Autorzy prezentują kulisy działalności Bunny Ranch, jednego z najsłynniejszych legalnych domów publicznych w USA. Zarządzający nim biznesmen i polityk, Dennis Hof, przez całe lata kreował to miejsce na oazę bezpieczeństwa. Tymczasem za zamkniętymi drzwiami domu uciech jego pracownice przeżywały liczne dramaty. Doświadczały aktów psychicznej i fizycznej przemocy, a także zmuszone były zaciągać długi, które wiązały je z tym miejscem na całe lata. Surowe reguły, które obowiązywały wszystkich pracowników, nie dotyczyły Hofa. Widzowie zobaczą m.in. nigdy wcześniej niepublikowane wywiady, prywatne zdjęcia i inne materiały zza kulis amerykańskiego seksbiznesu.
https://r.dcs.redcdn.pl/scale/play/playtv/upload/live/32/images/883409542?srcmode=3&srcx=0&srcy=0&srcw=1&srch=1&dstw=512&dsth=512&type=0;https://r.dcs.redcdn.pl/scale/play/playtv/upload/live/32/images/883409542?srcmode=3&srcx=0&srcy=0&srcw=1&srch=1&dstw=512&dsth=512&type=0;https://playnow.pl/wideo/serial/18384380;Szlaban na przygodę;Serial familijny;Czworo uczniów odbywa karę w jednaj z sali lekcyjnych. Wśród nich jest szkolny tyran, Brett Austin (Tomaso Sanelli), oraz trójka młodszych dzieci - Norman 'Hulk' Bean (Jack Fulton), Joy Jayadi (Ali Prijono) i Raign Westbrook (Simone Miller). Przez przypadek znajdują wejście do tajemniczych tuneli. Zbadanie ich przerywa im powrót dyrektora Lounsberry'ego (Andrew Moodie). Od tej pory każdego dnia w szkole grupa płata jakieś figle w nadziei na zatrzymanie po lekcjach, by mogła zbadać swoje odkrycie. Dochodzą do wniosku, że tunele mogą prowadzić do sekretnego laboratorium Alexandra Grahama Bella. Jednak trasa do niego pełna jest zaskakujących pułapek.
https://r.dcs.redcdn.pl/scale/play/playtv/images/epg_play_sndf49nbfkU_r320B7F65DlnbfsEFcaB2h4o6bJ79X/m/e/diaakpa4984466.jpg?srcmode=3&srcw=16&srch=9&dstw=420&dsth=236&quality=80&type=1;https://r.dcs.redcdn.pl/scale/play/playtv/upload/live/18187556/images/1023144184?srcmode=3&srcx=0&srcy=0&srcw=1&srch=1&dstw=512&dsth=512&type=0;https://playnow.pl/wideo/serial/25609491;Boże rozwiązania;Serial religijny;Przeniesione na ekran biblijne przypowieści ukazują działanie Boga, który nawet w najtrudniejszej sytuacji nie porzuca człowieka. Czasami Jego milczenie ma konkretny cel. Opowieści te utwierdzają w wierze, nadziei i pewności, że Bóg panuje nad wszystkim, rozwiązując ludzkie problemy w zaskakujący sposób.
https://r.dcs.redcdn.pl/scale/play/playtv/images/epg_play_sndf49nbfkU_r320B7F65DlnbfsEFcaB2h4o6bJ79X/m/e/diaakpa4777374.jpg?srcmode=3&srcw=16&srch=9&dstw=420&dsth=236&quality=80&type=1;https://r.dcs.redcdn.pl/scale/play/playtv/upload/live/18187556/images/1023144184?srcmode=3&srcx=0&srcy=0&srcw=1&srch=1&dstw=512&dsth=512&type=0;https://playnow.pl/wideo/serial/18363623;Piosenka;Serial obyczajowy;"Jed King (Alan Powell) marzy o karierze piosenkarza. Pragnie wyjść z cienia swojego sławnego ojca. Pewnego dnia dostaje propozycję wystąpienia na lokalnym festiwalu wina. Jed niechętnie przystaje na tę ofertę. Podczas imprezy poznaje córkę właściciela winnicy Rose (Ali Faulkner), w której zakochuje się z wzajemnością od pierwszego wejrzenia. Wkrótce para bierze ślub. Jed postanawia napisać dla ukochanej żony ""Piosenkę"". Utwór szybko staje się wielkim przebojem. Jed nagle znajduje się w centrum uwagi i trafia do świata pełnego pokus, co odbija się na jego relacjach z Rose. Po pewnym czasie życie i małżeństwo Jeda zaczynają się rozpadać."
https://r.dcs.redcdn.pl/scale/play/playtv/images/epg_play_sndf49nbfkU_r320B7F65DlnbfsEFcaB2h4o6bJ79X/m/e/diaakpa4777374.jpg?srcmode=3&srcw=16&srch=9&dstw=420&dsth=236&quality=80&type=1;https://r.dcs.redcdn.pl/scale/play/playtv/upload/live/18187556/images/1023144184?srcmode=3&srcx=0&srcy=0&srcw=1&srch=1&dstw=512&dsth=512&type=0;https://playnow.pl/wideo/serial/23984141;H2O;Serial obyczajowy;Młody człowiek stoi u brzegu zanieczyszczonej, brudnej rzeki. Jest rozgoryczony i rozczarowany. Decyduje się odwrócić od niej i poszukać czystego źródła inspiracji. Odsuwa negatywne myślenie, by jasno myśleć o Jezusie.
https://r.dcs.redcdn.pl/scale/play/playtv/upload/live/5511368/images/1025055463?srcmode=3&srcx=0&srcy=0&srcw=1&srch=1&dstw=512&dsth=512&type=0;https://r.dcs.redcdn.pl/scale/play/playtv/upload/live/5511368/images/1025055463?srcmode=3&srcx=0&srcy=0&srcw=1&srch=1&dstw=512&dsth=512&type=0;https://playnow.pl/wideo/serial/36614140;Morderstwo sobotniej nocy;Dokument;Filmowcy prezentują wstrząsające opowieści o ostatnich chwilach życia młodych ofiar zbrodni, które poprzedziła szampańska zabawa na imprezach. Eksperci od kryminalistyki, psychologowie i śledczy analizują przebieg i motywy tych przestępstw. Głos w programie zabierają także bliscy ofiar. Autorzy rekonstruują przebieg wydarzeń, a także przedstawiają oryginalne fotografie z mediów społecznościowych i domowych archiwów oraz nagrania z monitoringu.
https://r.dcs.redcdn.pl/scale/play/playtv/images/epg_play_sndf49nbfkU_r320B7F65DlnbfsEFcaB2h4o6bJ79X/m/e/diaakpa4777374.jpg?srcmode=3&srcw=16&srch=9&dstw=420&dsth=236&quality=80&type=1;https://r.dcs.redcdn.pl/scale/play/playtv/upload/live/18187556/images/1023144184?srcmode=3&srcx=0&srcy=0&srcw=1&srch=1&dstw=512&dsth=512&type=0;https://playnow.pl/wideo/serial/18195457;Smoketown;Serial obyczajowy;Dochodzi do tajemniczego i szokującego morderstwa. W jego konsekwencji trzy wyjątkowe osoby - zastępca szefa policji, reporter i nastolatka - zyskują nadprzyrodzone zdolności. Nowe umiejętności służą im do walki o najbiedniejszą, najbardziej zróżnicowaną rasowo dzielnicę miasta.
https://r.dcs.redcdn.pl/scale/play/playtv/images/epg_play_sndf49nbfkU_r320B7F65DlnbfsEFcaB2h4o6bJ79X/m/e/diaakpa5028560.jpg?srcmode=3&srcw=16&srch=9&dstw=420&dsth=236&quality=80&type=1;https://r.dcs.redcdn.pl/scale/play/playtv/upload/live/18187556/images/1023144184?srcmode=3&srcx=0&srcy=0&srcw=1&srch=1&dstw=512&dsth=512&type=0;https://playnow.pl/wideo/serial/32749466;Więcej niż fan;Serial obyczajowy;Przeniesienie na wielki ekran liczącego sobie sześć odcinków serialu. Eric Nelson prowadzi potrójne życie. Jest chrześcijaninem, uwielbiającym zabawę imprezowiczem, a także zajmującym wysokie stanowisko menadżerem. Pewnego dnia sytuacja mężczyzny ulegnie diametralnej zmianie, gdy spotyka się on twarzą w twarz ze śmiercią.
https://r.dcs.redcdn.pl/scale/play/playtv/images/epg_play_sndf49nbfkU_r320B7F65DlnbfsEFcaB2h4o6bJ79X/m/e/diaakpa5028560.jpg?srcmode=3&srcw=16&srch=9&dstw=420&dsth=236&quality=80&type=1;https://r.dcs.redcdn.pl/scale/play/playtv/upload/live/18187556/images/1023144184?srcmode=3&srcx=0&srcy=0&srcw=1&srch=1&dstw=512&dsth=512&type=0;https://playnow.pl/wideo/serial/18195472;Siła Wyższa;Serial obyczajowy;Sześć opowieści, które łączy jedno tragiczne wydarzenie prowadzące ostatecznie do śmierci dziecka. W kolejnych odcinkach widzowie poznają historie każdego z sześciu bohaterów, zmagającego się z osobistą tragedią, toczącego bój z Bogiem i z samym sobą. Cel trudnej walki to rozwiązanie problemu bólu, a więc znalezienie odpowiedzi na najtrudniejsze życiowe wyzwanie. Sytuację przedstawioną na ekranie interpretuje pastor Bob Russell, tłumacząc ludzkie cierpienie z punktu widzenia Boga.
https://r.dcs.redcdn.pl/scale/play/playtv/upload/live/18/images/913218416?srcmode=3&srcx=0&srcy=0&srcw=1&srch=1&dstw=512&dsth=512&type=0;https://r.dcs.redcdn.pl/scale/play/playtv/upload/live/18/images/913218416?srcmode=3&srcx=0&srcy=0&srcw=1&srch=1&dstw=512&dsth=512&type=0;https://playnow.pl/wideo/serial/34667400;Sam i Cat;Serial dla młodzieży;Sam Puckett i Cat Valentine spotykają się w Hollywood. Nastolatki postawiają razem zamieszkać. Dziewczyny zatrudniają się jako opiekunki do dzieci, by zdobyć środki finansowe na opłacenie czynszu. Zajmowanie się niesfornymi maluchami stanowi dla nich prawdziwe wyzwanie.
https://r.dcs.redcdn.pl/scale/play/playtv/images/epg_play_sndf49nbfkU_r320B7F65DlnbfsEFcaB2h4o6bJ79X/m/e/diaakpa3269066.jpg?srcmode=3&srcw=16&srch=9&dstw=420&dsth=236&quality=80&type=1;https://r.dcs.redcdn.pl/scale/play/playtv/upload/live/18/images/913218416?srcmode=3&srcx=0&srcy=0&srcw=1&srch=1&dstw=512&dsth=512&type=0;https://playnow.pl/wideo/serial/18374462;Zagadki rodziny Hunterów 4;Serial dla młodzieży;Max, Tess, Anika, Sal i Daniel Hunterowie postanawiają działać pod przykrywką, wykorzystując zarówno nowoczesną, jak i starożytną technologię, by poznać pozostałych członków rodziny Hunterów. Dzieciaki muszą stawić czoła potężnym wrogom, którzy chcą ich rozdzielić.
https://r.dcs.redcdn.pl/scale/play/playtv/images/catchup/f5d54c21-1f95-41b3-9184-fffebac0bb5d/AEL0162068_POST_SN_1920x1080.jpg?srcmode=3&srcw=16&srch=9&dstw=420&dsth=236&quality=80&type=1;https://r.dcs.redcdn.pl/scale/play/playtv/upload/live/5511368/images/1025055463?srcmode=3&srcx=0&srcy=0&srcw=1&srch=1&dstw=512&dsth=512&type=0;https://playnow.pl/wideo/serial/36614155;Ktoś ma coś do ukrycia;Dokument;Kiedy tropy się urywają, a sprawa zamiera, tylko jedna rzecz trzyma detektywów przy życiu - przeczucie, że ktoś ma coś do ukrycia…
https://r.dcs.redcdn.pl/scale/play/playtv/images/catchup/acc5b4ba-a862-4ab3-af24-0c06090ebbd0/AEL0168760_POST_SN_1920x1080.jpg?srcmode=3&srcw=16&srch=9&dstw=420&dsth=236&quality=80&type=1;https://r.dcs.redcdn.pl/scale/play/playtv/upload/live/9/images/1025055487?srcmode=3&srcx=0&srcy=0&srcw=1&srch=1&dstw=512&dsth=512&type=0;https://playnow.pl/wideo/serial/36635070;David Duchovny: archiwum tajemnic;Dokument;Serial dokumentalny.
https://r.dcs.redcdn.pl/scale/play/playtv/upload/live/9/images/1025055487?srcmode=3&srcx=0&srcy=0&srcw=1&srch=1&dstw=512&dsth=512&type=0;https://r.dcs.redcdn.pl/scale/play/playtv/upload/live/9/images/1025055487?srcmode=3&srcx=0&srcy=0&srcw=1&srch=1&dstw=512&dsth=512&type=0;https://playnow.pl/wideo/serial/36635027;Aukcje w ciemno;Dokument;Aukcje magazynowe są nową i słabo eksploatowaną szansą na znalezienie prawdziwych skarbów. Ci, którzy potrafią wykorzystać taką okazję, licytują nieodebraną zawartość przechowalni, licząc na zdobycie wartościowych przedmiotów.
https://r.dcs.redcdn.pl/scale/play/playtv/images/catchup/ceff5934-0097-4587-bae6-3435b250aec8/AEL0168767_POST_SN_1920x1080.jpg?srcmode=3&srcw=16&srch=9&dstw=420&dsth=236&quality=80&type=1;https://r.dcs.redcdn.pl/scale/play/playtv/upload/live/9/images/1025055487?srcmode=3&srcx=0&srcy=0&srcw=1&srch=1&dstw=512&dsth=512&type=0;https://playnow.pl/wideo/serial/36865553;Kevin Costner: jak zdobywano Dziki Zachód;Dokument;Po latach zawłaszczania terenu przez amerykańskich osadników, wódz Mały Żółw z plemienia Miami prowadzi konfederacją plemion indiańskich z Północnego Zachodu do wielkiego zwycięstwa nad nowo powstałą armią Stanów Zjednoczonych.
https://r.dcs.redcdn.pl/scale/play/playtv/images/catchup/0648368b-3cd9-4414-9e30-f0afb729ba8f/AEL0171299_POST_SN_1920x1080.jpg?srcmode=3&srcw=16&srch=9&dstw=420&dsth=236&quality=80&type=1;https://r.dcs.redcdn.pl/scale/play/playtv/upload/live/9/images/1025055487?srcmode=3&srcx=0&srcy=0&srcw=1&srch=1&dstw=512&dsth=512&type=0;https://playnow.pl/wideo/serial/36635033;Niewiarygodne, a (jednak) prawdziwe;Dokument;"Historia tworzy się w chwilach, gdy życie wisi na włosku — gdy ułamek sekundy decyduje o katastrofie lub przetrwaniu, gdy bezpieczny, uporządkowany świat pogrąża się w chaosie. To właśnie takie momenty wypełniają serię ""Niewiarygodne, a (jednak) prawdziwe"". Program zabiera widzów klatka po klatce w sam środek najbardziej szokujących wydarzeń, jakie kiedykolwiek uchwycono kamerą — od przerażających wypadków, przez katastrofy naturalne i wpadki podczas sportów ekstremalnych, po dramatyczne ataki zwierząt."
https://r.dcs.redcdn.pl/scale/play/playtv/images/catchup/1e0a94b3-9837-4a33-92a5-00da99d9aae5/AEL0173018_POST_SN_1920x1080.jpg?srcmode=3&srcw=16&srch=9&dstw=420&dsth=236&quality=80&type=1;https://r.dcs.redcdn.pl/scale/play/playtv/upload/live/8/images/1028899355?srcmode=3&srcx=0&srcy=0&srcw=1&srch=1&dstw=512&dsth=512&type=0;https://playnow.pl/wideo/serial/36865539;II wojna światowa: walka o Europę;Dokument;Serial dokumentalny.
https://r.dcs.redcdn.pl/scale/play/playtv/upload/live/9/images/1025055487?srcmode=3&srcx=0&srcy=0&srcw=1&srch=1&dstw=512&dsth=512&type=0;https://r.dcs.redcdn.pl/scale/play/playtv/upload/live/9/images/1025055487?srcmode=3&srcx=0&srcy=0&srcw=1&srch=1&dstw=512&dsth=512&type=0;https://playnow.pl/wideo/serial/36635085;Amerykańscy zbieracze;Dokument;Amerykańscy zbieracze wyruszają na misję ratowania przedmiotów z przeszłości Ameryki, choć często oznacza to przedzieranie się przez stosy złomu albo ucieczkę przed uzbrojonym właścicielem posesji.
https://r.dcs.redcdn.pl/scale/play/playtv/images/catchup/66375da2-31e4-4c79-931d-615d9e80a66c/AEL0164066_POST_SN_1920x1080.jpg?srcmode=3&srcw=16&srch=9&dstw=420&dsth=236&quality=80&type=1;https://r.dcs.redcdn.pl/scale/play/playtv/upload/live/9/images/1025055487?srcmode=3&srcx=0&srcy=0&srcw=1&srch=1&dstw=512&dsth=512&type=0;https://playnow.pl/wideo/serial/36635047;Ekspedycja: Tajemnica;Dokument;Steven Rinella bada historyczne tajemnice z perspektywy miłośnika mocnych wrażeń.
https://r.dcs.redcdn.pl/scale/play/playtv/images/catchup/d26ba165-d22e-4a9c-a6f1-54d87a826e68/AEL0168285_POST_SN_1920x1080.jpg?srcmode=3&srcw=16&srch=9&dstw=420&dsth=236&quality=80&type=1;https://r.dcs.redcdn.pl/scale/play/playtv/upload/live/8/images/1028899355?srcmode=3&srcx=0&srcy=0&srcw=1&srch=1&dstw=512&dsth=512&type=0;https://playnow.pl/wideo/serial/36635035;II wojna światowa w kolorze - przełomowe momenty;Dokument;Dzięki zastosowaniu najnowszych technik koloryzacyjnych obrazu filmowego serial prezentuje historię II wojny światowej, w sposób dotąd nie pokazywany.
https://r.dcs.redcdn.pl/scale/play/playtv/images/catchup/68a436ea-eac5-456d-b6ee-0637be9d3906/AEL0168727_POST_SN_1920x1080.jpg?srcmode=3&srcw=16&srch=9&dstw=420&dsth=236&quality=80&type=1;https://r.dcs.redcdn.pl/scale/play/playtv/upload/live/9/images/1025055487?srcmode=3&srcx=0&srcy=0&srcw=1&srch=1&dstw=512&dsth=512&type=0;https://playnow.pl/wideo/serial/36635092;Skarby mistycznego świata;Dokument;Górska forteca zbudowana, by chronić wiernych. Biblijne potwory zesłane, by wystawić ludzkość na próbę. Tajne wojenne bronie używane w imię religii. Ukryte kody, które mogą ujawniać koniec świata. Przez wieki istniały przedmioty, broń, miejsca, a nawet ludzkie kości uważane za cenne mistyczne obiekty. Te jedyne w swoim rodzaju cuda są czczone przez kultury na całym świecie i były poszukiwane przez wszystkich, od cesarzy, papieży i tyranów, po generałów, archeologów i poszukiwaczy skarbów. „Skarby mistycznego świata” to ekscytująca nowa seria, która zagłębia się w niezwykłe historie stojące za tymi budzącymi podziw artefaktami, ich stworzeniem, tajemnicami ich niesamowitych mocy i niezapomnianymi przygodami, aby je znaleźć.
https://r.dcs.redcdn.pl/scale/play/playtv/upload/live/9/images/1025055487?srcmode=3&srcx=0&srcy=0&srcw=1&srch=1&dstw=512&dsth=512&type=0;https://r.dcs.redcdn.pl/scale/play/playtv/upload/live/9/images/1025055487?srcmode=3&srcx=0&srcy=0&srcw=1&srch=1&dstw=512&dsth=512&type=0;https://playnow.pl/wideo/serial/36635060;Największe tajemnice świata;Dokument;Aktor i prezenter Laurence Fishburne podąża tropem znanych mitów i współczesnych legend. W programie stara się rozwiązać między innymi zagadkę uprowadzonego lotu numer 305 czy też historię z Roswell w Nowym Meksyku.
https://r.dcs.redcdn.pl/scale/play/playtv/images/catchup/0dcb7e8d-4971-4664-a51f-79f6ccde0e02/AEL0084439_POST_SN_1920x1080.jpg?srcmode=3&srcw=16&srch=9&dstw=420&dsth=236&quality=80&type=1;https://r.dcs.redcdn.pl/scale/play/playtv/upload/live/5511368/images/1025055463?srcmode=3&srcx=0&srcy=0&srcw=1&srch=1&dstw=512&dsth=512&type=0;https://playnow.pl/wideo/serial/36614117;Pogrzebani za domem;Dokument;Ogródek za domem może wydawać się niewinnym miejscem, ale czasami staje się kryjówką dla śmiertelnej zbrodni. Serial kryminalny „Pogrzebani za domem” szczegółowo opisuje prawdziwe przypadki morderstw, w których sprawcy próbowali zakopać swoje ofiary na podwórku. Każdy godzinny odcinek przedstawia zbrodnię i jej następstwa poprzez wykorzystanie filmowych rekonstrukcji, materiałów źródłowych i wywiadów. Ten trzymający w napięciu serial odkrywa odkrywa sekretne motywy oraz złowrogie impulsy, które doprowadziły do tak makabrycznych pochówków.
https://r.dcs.redcdn.pl/scale/play/playtv/images/epg_play_sndf49nbfkU_r320B7F65DlnbfsEFcaB2h4o6bJ79X/m/e/diaakpa3501966.jpg?srcmode=3&srcw=16&srch=9&dstw=420&dsth=236&quality=80&type=1;https://r.dcs.redcdn.pl/scale/play/playtv/upload/live/23942342/images/931923694?srcmode=3&srcx=0&srcy=0&srcw=1&srch=1&dstw=512&dsth=512&type=0;https://playnow.pl/wideo/serial/24245995;Bonanza;Serial obyczajowy;Legendarna saga westernowa o rodzinie Cartwrightów i prowadzonym przez nich olbrzymim ranczu Ponderosa. Patriarchą rodu jest Ben (Lorne Greene), który jako jeden z pionierów przybył do Nevady i skolonizował ziemie wśród wzgórz, które stały się w przyszłości powodem dumy i zarazem zazdrości całej okolicy. Jego najstarszym synem jest Adam (Pernell Roberts). Pięć lat młodszy jest Hoss (Dan Blocker), człowiek o gołębim sercu, słabej głowie do alkoholu i mocnej pięści. Największym dżentelmenem pośród braci jest najmłodszy z nich, Joe (Michael Landon).
https://r.dcs.redcdn.pl/scale/play/playtv/images/catchup/4ecad902-055c-47b9-9f10-e60a463527f8/2112_624734-2065-608999_P0802430_Episode_1920x1080.jpg?srcmode=3&srcw=16&srch=9&dstw=420&dsth=236&quality=80&type=1;https://r.dcs.redcdn.pl/scale/play/playtv/upload/packet/4682418/images/259965422?srcmode=3&srcx=0&srcy=0&srcw=1&srch=1&dstw=512&dsth=512&type=0;https://playnow.pl/wideo/serial/14315832;SSAKI NACZELNE;Historia naturalna;Wyruszamy w ekscytująca podróż do Tanzanii, aby poznać życie pewnej małpiej rodziny z parku narodowego Gombe. Jeden z szympansów musi walczyć o dominację ze swoim przebiegłym młodszym bratem. Tymczasem mądre matki zajmują się opieką nad swoim potomstwem.
https://r.dcs.redcdn.pl/scale/play/playtv/upload/live/4231071/images/864544521?srcmode=3&srcx=0&srcy=0&srcw=1&srch=1&dstw=512&dsth=512&type=0;https://r.dcs.redcdn.pl/scale/play/playtv/upload/live/4231071/images/864544521?srcmode=3&srcx=0&srcy=0&srcw=1&srch=1&dstw=512&dsth=512&type=0;https://playnow.pl/wideo/serial/34259987;StuGo;Dla dzieci;Hura! Letni obóz naukowy! „StuGo”, oryginalny serial animowany opowiada o przygodach szóstki uzdolnionych dzieciaków, które zostały oszukane przez szaloną naukowczynię i trafiły na fałszywy obóz naukowy. Zamiast trzech miesięcy nauki czeka ich niesamowita przygoda na tropikalnej wyspie, gdzie spotkają manaty czytające w myślach, gigantyczne walczące grzyby i mutanty z niezłym wyczuciem stylu.
https://r.dcs.redcdn.pl/scale/play/playtv/images/catchup/6d6486e9-ed30-49ad-8482-1eed18235af7/2206_706208-2065-523297_P0936841_Episode_1920x1080.jpg?srcmode=3&srcw=16&srch=9&dstw=420&dsth=236&quality=80&type=1;https://r.dcs.redcdn.pl/scale/play/playtv/upload/packet/4682418/images/259965422?srcmode=3&srcx=0&srcy=0&srcw=1&srch=1&dstw=512&dsth=512&type=0;https://playnow.pl/wideo/serial/14827031;WIELKIE KONSTRUKCJE;Rozrywka;Biegun południowy jako jedno z najbardziej odizolowanych miejsc na Ziemi upodobali sobie astronomowie, klimatolodzy i przedstawiciele innych dziedzin nauki. Towarzyszymy ekipie, która podjęła się wybudowania nowoczesnej placówki naukowo-badawczej na terenie stacji Amundsen-Scott. Zobacz, jak zmagając się z wyjątkowymi wyzwaniami logistycznymi i klimatycznymi, fachowcy ścigają się z czasem, by ukończyć największy projekt budowlany, jakiego podjęto się na biegunie południowym.
https://r.dcs.redcdn.pl/scale/play/playtv/images/catchup/b29db4ea-ad4e-4088-a936-689e0ddaf327/DSNY0000000001448543.jpg?srcmode=3&srcw=16&srch=9&dstw=420&dsth=236&quality=80&type=1;https://r.dcs.redcdn.pl/scale/play/playtv/upload/live/4231071/images/864544521?srcmode=3&srcx=0&srcy=0&srcw=1&srch=1&dstw=512&dsth=512&type=0;https://playnow.pl/wideo/serial/33031495;Czarodzieje z Waverly Place: nowy rozdział;Dla dzieci;Billie, potężna młoda czarodziejka, o której mówi tajemnicza przepowiednia, zostaje wysłana do świata śmiertelników. Jedynym nauczycielem, który potrafi jej pomóc kontrolować moce jest Justin Russo.
https://r.dcs.redcdn.pl/scale/play/playtv/images/catchup/bcc93bdd-5af0-422d-ba5e-c727b76d66f2/2508_2065_15692508609668_PK0003452_Topic_1920x1080.jpg?srcmode=3&srcw=16&srch=9&dstw=420&dsth=236&quality=80&type=1;https://r.dcs.redcdn.pl/scale/play/playtv/upload/packet/4682418/images/259965422?srcmode=3&srcx=0&srcy=0&srcw=1&srch=1&dstw=512&dsth=512&type=0;https://playnow.pl/wideo/serial/36209668;IMPERIUM MONGOŁÓW: HISTORIA CZYNGIS-CHANA;Historyczny;Po przetoczeniu się przez Ruś i Europę z niespotykaną szybkością i taktycznym geniuszem, siły imperium mongolskiego szykowały się do dalszej inwazji. Ich pochód na zachód został jednak zatrzymany przez nagłą śmierć chana Ugedeja. Wywołała ona zaciekłą walkę o sukcesję i władzę nad największym imperium, jakie kiedykolwiek widział świat.
https://r.dcs.redcdn.pl/scale/play/playtv/upload/live/4231071/images/864544521?srcmode=3&srcx=0&srcy=0&srcw=1&srch=1&dstw=512&dsth=512&type=0;https://r.dcs.redcdn.pl/scale/play/playtv/upload/live/4231071/images/864544521?srcmode=3&srcx=0&srcy=0&srcw=1&srch=1&dstw=512&dsth=512&type=0;https://playnow.pl/wideo/serial/25459324;Greenowie w Wielkim Mieście;Dla dzieci;Śledźmy przygody dziesięcioletniego Świerszcza Greena, psotnego, wesołego chłopca ze wsi, który przeprowadził się do Wielkiego Miasta ze swoją nietypową rodziną - starszą siostrą, tatą i babcią. Ciekawość i entuzjazm Świerszcza poprowadzą jego rodzinę ku ciekawym przygodom i prosto do serc nowych sąsiadów.
https://r.dcs.redcdn.pl/scale/play/playtv/images/catchup/49e7abf8-ebd8-46aa-b93b-48650fa32874/2507_2065_15991821789668_PK0002619_Topic_1920x1080.jpg?srcmode=3&srcw=16&srch=9&dstw=420&dsth=236&quality=80&type=1;https://r.dcs.redcdn.pl/scale/play/playtv/upload/packet/4682418/images/259965422?srcmode=3&srcx=0&srcy=0&srcw=1&srch=1&dstw=512&dsth=512&type=0;https://playnow.pl/wideo/serial/35893798;CIEMNA STRONA ŚWIATA;Rozrywka;Mariana zagłębia się w brutalny świat połowu rekinów, napędzany gigantycznym popytem na zupę z płetw. W trakcie śledztwa analizuje rolę amerykańskich konsumentów w zabijaniu około 100 milionów rekinów rocznie. Podąża śladem od rybaków po handlarzy, którzy zarabiają tak ogromne pieniądze, że nawet meksykańskie kartele pragną mieć swój udział w tym procederze.
https://r.dcs.redcdn.pl/scale/play/playtv/images/catchup/06c9c46a-de70-4529-a88d-d365b3427375/SPT-MURMYS01001A_cover.jpg?srcmode=3&srcw=16&srch=9&dstw=420&dsth=236&quality=80&type=1;https://r.dcs.redcdn.pl/scale/play/playtv/upload/live/33/images/940247207?srcmode=3&srcx=0&srcy=0&srcw=1&srch=1&dstw=512&dsth=512&type=0;https://playnow.pl/wideo/serial/33517394;Murdoch Mysteries;Kryminał;Gdy zamożna para z wyższych sfer zostaje znaleziona utopiona w swoim basenie, co na pierwszy rzut oka wygląda na podwójne samobójstwo, Murdoch podejrzewa morderstwo.
https://r.dcs.redcdn.pl/scale/play/playtv/images/catchup/5b4d7f0c-693e-4d5e-8831-b31d07608ffa/SPT-BAYWAT01003A_cover.jpg?srcmode=3&srcw=16&srch=9&dstw=420&dsth=236&quality=80&type=1;https://r.dcs.redcdn.pl/scale/play/playtv/upload/live/33/images/940247207?srcmode=3&srcx=0&srcy=0&srcw=1&srch=1&dstw=512&dsth=512&type=0;https://playnow.pl/wideo/serial/34950243;Baywatch;Akcja;W drodze na urodziny babci, dzień Alex zostaje wywrócony do góry nogami, gdy postanawia pomóc przemytnikowi diamentów, Benowi. Jego wspólnicy, Lisa i Jason, chcą go uciszyć na zawsze, co prowadzi do konfrontacji w podwodnej jaskini. Alex i Ben muszą unikać wzrastającego poziomu wody, podczas gdy przemytnicy krążą nad nimi w motorówce. W międzyczasie, Hobi i Mitch zaczynają się kłócić o prywatność w domu, co skłania Hobiego do rozważenia wyprowadzki. Gdy Hobi nie dogaduje się z przyjaciółmi, Neely Capshaw wraca i proponuje mu, by się na jakiś czas wprowadził, co złości Mitcha, wiedząc, że Neely zawsze ukrywa jakieś otwarte intencje.
https://r.dcs.redcdn.pl/scale/play/playtv/upload/live/4231071/images/864544521?srcmode=3&srcx=0&srcy=0&srcw=1&srch=1&dstw=512&dsth=512&type=0;https://r.dcs.redcdn.pl/scale/play/playtv/upload/live/4231071/images/864544521?srcmode=3&srcx=0&srcy=0&srcw=1&srch=1&dstw=512&dsth=512&type=0;https://playnow.pl/wideo/serial/33834434;Kiff;Dla dzieci;Kiff i jej przyjaciel, królik Barry, przeżywają coraz to nowe przygody w ekscentrycznym mieście Table. W tym uroczym i niebanalnym świecie zwierzaki i magiczne stworzenia wspólnie żyją, uczą się i nawiązują relacje.
https://r.dcs.redcdn.pl/scale/play/playtv/images/catchup/46945fe9-74ba-4764-917c-d2152a69731b/AGATHA_CHRISTIES_POIROT_S13_EP1_A51026780.jpg?srcmode=3&srcw=16&srch=9&dstw=420&dsth=236&quality=80&type=1;https://r.dcs.redcdn.pl/scale/play/playtv/upload/live/2060267/images/908106481?srcmode=3&srcx=0&srcy=0&srcw=1&srch=1&dstw=512&dsth=512&type=0;https://playnow.pl/wideo/serial/36787421;Poirot;Dramat;Słynny belgijski detektyw Herkules Poirot, obdarzony niezwykłym talentem do rozwiązywania zagadek kryminalnych, współpracuje z kapitanem Hastingsem i nadinspektorem ze Scotland Yardu, Jamesem Jappem.
https://r.dcs.redcdn.pl/scale/play/playtv/images/catchup/ea15c040-4d01-4ff7-b4d8-e6504c4db657/GRANTCHESTER_S3_EP5_A51019310.jpg?srcmode=3&srcw=16&srch=9&dstw=420&dsth=236&quality=80&type=1;https://r.dcs.redcdn.pl/scale/play/playtv/upload/live/2060267/images/908106481?srcmode=3&srcx=0&srcy=0&srcw=1&srch=1&dstw=512&dsth=512&type=0;https://playnow.pl/wideo/serial/36787427;Grantchester;Dramat;Sidney Chambers jest anglikańskim księdzem w Grantchester. Kiedy wbrew swojej woli trafia do świata kłamstw, zdrad i morderstw, okazuje się, że świetnie sprawdza się w nowej dla siebie roli detektywa...
https://r.dcs.redcdn.pl/scale/play/playtv/images/catchup/0d1ec912-e739-4325-aff9-29db2912aec6/THE_MARLOW_MURDER_CLUB_S2_EP4_A51028285.jpg?srcmode=3&srcw=16&srch=9&dstw=420&dsth=236&quality=80&type=1;https://r.dcs.redcdn.pl/scale/play/playtv/upload/live/2060267/images/908106481?srcmode=3&srcx=0&srcy=0&srcw=1&srch=1&dstw=512&dsth=512&type=0;https://playnow.pl/wideo/serial/36790122;Marlow: klub zbrodni;Dramat;Emerytowana archeolog, żona duchownego i pani wyprowadzająca psy zaczynają współpracę jako detektywi-amatorzy, ścigając się z czasem, aby powstrzymać seryjnego mordercę grasującego w ich mieście.
https://r.dcs.redcdn.pl/scale/play/playtv/upload/live/2060267/images/908106481?srcmode=3&srcx=0&srcy=0&srcw=1&srch=1&dstw=512&dsth=512&type=0;https://r.dcs.redcdn.pl/scale/play/playtv/upload/live/2060267/images/908106481?srcmode=3&srcx=0&srcy=0&srcw=1&srch=1&dstw=512&dsth=512&type=0;https://playnow.pl/wideo/serial/36787423;Wszystkie stworzenia duże i małe;Dramat;James Herriot spełnia swoje marzenia i zaczyna pracę jako weterynarz na północy hrabstwa Yorkshire. Szybko odkrywa, że leczenie zwierząt to także relacje z ich właścicielami — a te bywają trudne...
https://r.dcs.redcdn.pl/scale/play/playtv/images/catchup/311b2bf5-73f7-49f7-a968-946b5354d4f7/VIENNA_BLOOD_S3_EP1_A51020884.jpg?srcmode=3&srcw=16&srch=9&dstw=420&dsth=236&quality=80&type=1;https://r.dcs.redcdn.pl/scale/play/playtv/upload/live/2060267/images/908106481?srcmode=3&srcx=0&srcy=0&srcw=1&srch=1&dstw=512&dsth=512&type=0;https://playnow.pl/wideo/serial/36790343;Wiedeńska krew;Dramat;Max Liebermann, uczeń Zygmunta Freuda, pomaga Oskarowi Rheinhardtowi rozwiązać sprawę serii brutalnych morderstw w Wiedniu z początków XX w.
https://r.dcs.redcdn.pl/scale/play/playtv/images/catchup/0f9fb441-0271-48b9-b1a6-c9dba08774bd/DOMINA_S1_EP4_A51026558.jpg?srcmode=3&srcw=16&srch=9&dstw=420&dsth=236&quality=80&type=1;https://r.dcs.redcdn.pl/scale/play/playtv/upload/live/2060267/images/908106481?srcmode=3&srcx=0&srcy=0&srcw=1&srch=1&dstw=512&dsth=512&type=0;https://playnow.pl/wideo/serial/36789903;Domina;Dramat;Historia panowania Gajusza, opowiedziana poprzez dzieje jego żony Liwii Druzylli, która zmieniła zasady dotyczące roli kobiet w społeczeństwie i stała się najpotężniejszą kobietą w ówczesnym świecie.
https://r.dcs.redcdn.pl/scale/play/playtv/images/catchup/ea3dd276-76b0-4343-ba7f-a98eca4cde37/MURDER_IN_A_SMALL_TOWN_S1_EP8_A51028041.jpg?srcmode=3&srcw=16&srch=9&dstw=420&dsth=236&quality=80&type=1;https://r.dcs.redcdn.pl/scale/play/playtv/upload/live/2060267/images/908106481?srcmode=3&srcx=0&srcy=0&srcw=1&srch=1&dstw=512&dsth=512&type=0;https://playnow.pl/wideo/serial/36787435;Morderstwo w małym mieście;Dramat;Detektyw Karl Alberg, zmęczony pracą w wielkim mieście, przenosi się do spokojnego, nadmorskiego miasteczka. Wkrótce okazuje się, że tu także zdarzają się tajemnicze morderstwa i skomplikowane sprawy...
https://r.dcs.redcdn.pl/scale/play/playtv/upload/live/2060267/images/908106481?srcmode=3&srcx=0&srcy=0&srcw=1&srch=1&dstw=512&dsth=512&type=0;https://r.dcs.redcdn.pl/scale/play/playtv/upload/live/2060267/images/908106481?srcmode=3&srcx=0&srcy=0&srcw=1&srch=1&dstw=512&dsth=512&type=0;https://playnow.pl/wideo/serial/36790329;Archie;Dramat;Archie Leach ucieka od trudnego dzieciństwa w Bristolu i wyrusza do Hollywood, aby zostać słynnym aktorem — Carym Grantem. Odnosi wielki sukces, ale czy znajdzie także szczęście?
https://r.dcs.redcdn.pl/scale/play/playtv/images/catchup/8652c0ad-867d-4206-9bd8-1e047f91d7ac/SISI_S2_EP1_A51020646.jpg?srcmode=3&srcw=16&srch=9&dstw=420&dsth=236&quality=80&type=1;https://r.dcs.redcdn.pl/scale/play/playtv/upload/live/2060267/images/908106481?srcmode=3&srcx=0&srcy=0&srcw=1&srch=1&dstw=512&dsth=512&type=0;https://playnow.pl/wideo/serial/36787425;Sisi;Dramat;"Sisi była pierwszą celebrytką Europy; beztroska nastolatka zakochała się w potężnym i wpływowym mężczyźnie, który jednak miał także swoją mroczną i niebezpieczną stronę. Sisi podjęła to wyzwanie..."
https://r.dcs.redcdn.pl/scale/play/playtv/images/catchup/aa45057b-ab53-400c-9d36-15ecdc2c621f/MISS_SCARLET_AND_THE_DUKE_S3_EP2_A51022302.jpg?srcmode=3&srcw=16&srch=9&dstw=420&dsth=236&quality=80&type=1;https://r.dcs.redcdn.pl/scale/play/playtv/upload/live/2060267/images/908106481?srcmode=3&srcx=0&srcy=0&srcw=1&srch=1&dstw=512&dsth=512&type=0;https://playnow.pl/wideo/serial/36788955;Panna Scarlet i komisarz;Dramat;Lata 50. XIX w.: nieustraszona i dociekliwa panna Scarlet prowadzi agencję detektywistyczną swojego zmarłego ojca z pomocą komisarza Wellingtona, gospodyni domowej Ivy i bystrego oszusta Mosesa.
https://r.dcs.redcdn.pl/scale/play/playtv/images/catchup/3fa7ae71-f49a-4cfb-87b1-04f9294f65d2/DALGLIESH_S2_EP3_A51020679.jpg?srcmode=3&srcw=16&srch=9&dstw=420&dsth=236&quality=80&type=1;https://r.dcs.redcdn.pl/scale/play/playtv/upload/live/2060267/images/908106481?srcmode=3&srcx=0&srcy=0&srcw=1&srch=1&dstw=512&dsth=512&type=0;https://playnow.pl/wideo/serial/36790312;Dalgliesh;Dramat;Seria kryminalna, której akcja rozpoczyna się w Anglii w latach 70. XX w. Adam Dalgliesh - detektyw stworzony przez brytyjską pisarkę P.D. James - rozwiązuje zagadki kolejnych niezwykłych morderstw.
https://r.dcs.redcdn.pl/scale/play/playtv/upload/live/24/images/874819430?srcmode=3&srcx=0&srcy=0&srcw=1&srch=1&dstw=512&dsth=512&type=0;https://r.dcs.redcdn.pl/scale/play/playtv/upload/live/24/images/874819430?srcmode=3&srcx=0&srcy=0&srcw=1&srch=1&dstw=512&dsth=512&type=0;https://playnow.pl/wideo/serial/18375195;Górscy ratownicy;Serial obyczajowy;Dalsze perypetie górskich ratowników. W zespole dużo do powiedzenia ma Markus Kofler. Praca wymaga od niego zimnej krwi, umiejętności trafnej oceny i reagowania na sytuacje kryzysowe, do których często dochodzi na szlakach. Zarówno Markus, jak i jego koledzy z zespołu przeżywają różne wzloty i upadki w życiu osobistym.
https://r.dcs.redcdn.pl/scale/play/playtv/images/catchup/acb35653-807d-4c1f-b62c-798bf1bc897a/NBCU_Play_EEntertainment_CelebritiesOnly.jpg?srcmode=3&srcw=16&srch=9&dstw=420&dsth=236&quality=80&type=1;https://r.dcs.redcdn.pl/scale/play/playtv/upload/live/33009832/images/1029135652?srcmode=3&srcx=0&srcy=0&srcw=1&srch=1&dstw=512&dsth=512&type=0;https://playnow.pl/wideo/serial/25839717;Tylko o celebrytach;Rozrywka;
https://r.dcs.redcdn.pl/scale/play/playtv/images/catchup/9fafabc1-87b4-40b3-b51e-348816704d90/2209_733364-2065-575380_P0962924_Topic_1920x1080.jpg?srcmode=3&srcw=16&srch=9&dstw=420&dsth=236&quality=80&type=1;https://r.dcs.redcdn.pl/scale/play/playtv/upload/packet/4682418/images/259965422?srcmode=3&srcx=0&srcy=0&srcw=1&srch=1&dstw=512&dsth=512&type=0;https://playnow.pl/wideo/serial/16072351;DRUGA WOJNA ŚWIATOWA;Historyczny;Przedstawiamy historię prawdziwych Czarnych Panter, elitarnego batalionu pancernego, który w okupowanej Francji starł się z czołgami Hitlera podczas ostatniej niemieckiej ofensywy. Po najkrwawszej bitwie II wojny światowej stoczonej przez Amerykanów dokonania żołnierzy stały się inspiracją do globalnej walki o prawa człowieka.
https://r.dcs.redcdn.pl/scale/play/playtv/images/catchup/5847c4c2-d95e-4fd7-b7ed-01efb7b82e5a/2207_706268-2065-418684_P0851207_Topic_1920x1080.jpg?srcmode=3&srcw=16&srch=9&dstw=420&dsth=236&quality=80&type=1;https://r.dcs.redcdn.pl/scale/play/playtv/upload/packet/4682418/images/259965422?srcmode=3&srcx=0&srcy=0&srcw=1&srch=1&dstw=512&dsth=512&type=0;https://playnow.pl/wideo/serial/14847360;MORSKIE GŁĘBINY;Nauka;W tym odcinku eksplorujemy wraki trzech niemieckich U-Bootów z czasów pierwszej i drugiej wojny światowej. Naszym przewodnikiem będzie archeolog podwodny dr Innes McCartney. Dzięki niemu poznamy historię pierwszego zatopionego z powietrza okrętu podwodnego oraz pionierskiego projektu jednostki niewidocznej dla radarów.
https://r.dcs.redcdn.pl/scale/play/playtv/upload/live/33009832/images/1029135652?srcmode=3&srcx=0&srcy=0&srcw=1&srch=1&dstw=512&dsth=512&type=0;https://r.dcs.redcdn.pl/scale/play/playtv/upload/live/33009832/images/1029135652?srcmode=3&srcx=0&srcy=0&srcw=1&srch=1&dstw=512&dsth=512&type=0;https://playnow.pl/wideo/serial/36262122;Plastyczna fuszerka: Plastic Surgery Rewind;Rozrywka;
https://r.dcs.redcdn.pl/scale/play/playtv/images/catchup/4d8a0480-5eee-4f63-acd3-8c1de0e37eee/2508_2065_15471245599668_FNG0020828_Episode_1920x1080.jpg?srcmode=3&srcw=16&srch=9&dstw=420&dsth=236&quality=80&type=1;https://r.dcs.redcdn.pl/scale/play/playtv/upload/packet/4682418/images/259965422?srcmode=3&srcx=0&srcy=0&srcw=1&srch=1&dstw=512&dsth=512&type=0;https://playnow.pl/wideo/serial/35937035;ZAGINIONE OKRĘTY II WOJNY ŚWIATOWEJ;Historyczny;Zespół Petrel podejmuje się jednej najtrudniejszych misji w swojej historii – odnalezienia wraku największego pancernika w historii. To japoński superpancernik Musashi, uważany przez jego twórców za niezatapialny. Zobacz, jak amerykańska marynarka wojenna zniszczyła ten „niezniszczalny” okręt, posyłając go na dno oceanu w tysiącach kawałków.
https://r.dcs.redcdn.pl/scale/play/playtv/images/catchup/07325f2e-9dd6-4068-b872-c5a17ad54d43/AEL0169665_POST_SN_1920x1080.jpg?srcmode=3&srcw=16&srch=9&dstw=420&dsth=236&quality=80&type=1;https://r.dcs.redcdn.pl/scale/play/playtv/upload/live/9/images/1025055487?srcmode=3&srcx=0&srcy=0&srcw=1&srch=1&dstw=512&dsth=512&type=0;https://playnow.pl/wideo/serial/36635037;Wybrzeże Śmierci;Dokument;Wybrzeże Śmierci to obszar wzburzonych wód północnego Atlantyku, który na przestrzeni wieków pochłonął ponad sześć tysięcy statków. Wielu żeglarzy odważyło się stawić czoła tym niebezpiecznym wodom – jedni dla handlu, inni dla wojny, a jeszcze inni dla łupów. Złoto i bezcenne przedmioty z zatopionych jednostek spoczywają dziś na dnie oceanu, jednak przez ostatnią dekadę obowiązywał tam zakaz poszukiwań.
https://r.dcs.redcdn.pl/scale/play/playtv/images/catchup/bf9db74c-7755-4f33-899a-543360bb41cb/AEL0168007_POST_SN_1920x1080.jpg?srcmode=3&srcw=16&srch=9&dstw=420&dsth=236&quality=80&type=1;https://r.dcs.redcdn.pl/scale/play/playtv/upload/live/9/images/1025055487?srcmode=3&srcx=0&srcy=0&srcw=1&srch=1&dstw=512&dsth=512&type=0;https://playnow.pl/wideo/serial/36635063;Komandosi kontra naziści;Dokument;W 1942 roku, osłabieni przez nazistowską machinę wojenną, alianci postanowili wdrożyć nową, śmiałą strategię prowadzenia wojny. Ich plan zakładał uderzenie w samo serce Trzeciej Rzeszy — od środka. „Komandosi kontra naziści” to poruszająca opowieść o tajnych operacjach specjalnych, ukazana poprzez relacje żołnierzy, którzy z narażeniem życia przedzierali się głęboko za linię wroga.
https://r.dcs.redcdn.pl/scale/play/playtv/upload/live/9/images/1025055487?srcmode=3&srcx=0&srcy=0&srcw=1&srch=1&dstw=512&dsth=512&type=0;https://r.dcs.redcdn.pl/scale/play/playtv/upload/live/9/images/1025055487?srcmode=3&srcx=0&srcy=0&srcw=1&srch=1&dstw=512&dsth=512&type=0;https://playnow.pl/wideo/serial/36635072;Dziki Zachód: legenda Siedzącego Byka;Dokument;Sitting Bull to film dokumentalny przedstawiający niezwykłe życie słynnego przywódcy ludu Lakota.
https://r.dcs.redcdn.pl/scale/play/playtv/images/catchup/d0341b7b-5681-42cb-b1da-e1921ac1359f/AEL0173020_POST_SN_1920x1080.jpg?srcmode=3&srcw=16&srch=9&dstw=420&dsth=236&quality=80&type=1;https://r.dcs.redcdn.pl/scale/play/playtv/upload/live/8/images/1028899355?srcmode=3&srcx=0&srcy=0&srcw=1&srch=1&dstw=512&dsth=512&type=0;https://playnow.pl/wideo/serial/36635022;Naziści: droga do kapitulacji;Dokument;Serial dokumentalny.
https://r.dcs.redcdn.pl/scale/play/playtv/images/catchup/4c484802-7130-4b9f-b756-7273b8366b71/AEL0097200_POST_SN_1920x1080.jpg?srcmode=3&srcw=16&srch=9&dstw=420&dsth=236&quality=80&type=1;https://r.dcs.redcdn.pl/scale/play/playtv/upload/live/8/images/1028899355?srcmode=3&srcx=0&srcy=0&srcw=1&srch=1&dstw=512&dsth=512&type=0;https://playnow.pl/wideo/serial/36635049;W poszukiwaniu potwora;Dokument;Każdy odcinek „W poszukiwaniu potwora” to mini-wyprawa do odległego zakątka świata, zamieszkiwanego przez niezwykłe istoty. Czy potwory istnieją naprawdę? Nauka i technologia łączą się, aby zapewnić widzom lepszą analizę tajemniczych kości potworów, odnalezionych przez podróżników i archeologów z całego świata. Zamiast polegać na materiałach archiwalnych i starych zdjęciach, zwykle kojarzonych z tymi stworzeniami, seria eksploruje temat za pomocą zaawansowanych gadżetów (specjalne aparaty fotograficzne, podsłuchy, a nawet podwodne przynęty). Chociaż potwory niekoniecznie muszą być prawdziwe, w każdym odcinku występują prawdziwi naukowcy.
https://r.dcs.redcdn.pl/scale/play/playtv/images/epg_play_sndf49nbfkU_r320B7F65DlnbfsEFcaB2h4o6bJ79X/m/e/diaakpa5028560.jpg?srcmode=3&srcw=16&srch=9&dstw=420&dsth=236&quality=80&type=1;https://r.dcs.redcdn.pl/scale/play/playtv/upload/live/38019/images/908106501?srcmode=3&srcx=0&srcy=0&srcw=1&srch=1&dstw=512&dsth=512&type=0;https://playnow.pl/wideo/serial/33678074;TrueLove;Serial obyczajowy;Philippa Leach (Lindsay Duncan), pierwsza kobieta w brytyjskiej policji zatrudniona jako detektyw, odczuwa znużenie życiem na emeryturze. Podobnie czuje się jej dawny przyjaciel i były komandos, Ken Holding (Clarke Peters). Oboje odnajdują się na stypie, która jest okazją do spotkania z innymi znajomymi z przeszłości. Rozmawiają o sposobach uniknięcia starości pełnej niedołęstwa oraz bólu towarzyszącego umieraniu. Wkrótce dochodzą do wniosku, że mogliby się nawzajem wspierać w tej kwestii. Ich początkowo niewinne żarty nabierają poważnego charakteru szybciej, niż mogliby się spodziewać.
https://r.dcs.redcdn.pl/scale/play/playtv/upload/live/23917217/images/1023144069?srcmode=3&srcx=0&srcy=0&srcw=1&srch=1&dstw=512&dsth=512&type=0;https://r.dcs.redcdn.pl/scale/play/playtv/upload/live/23917217/images/1023144069?srcmode=3&srcx=0&srcy=0&srcw=1&srch=1&dstw=512&dsth=512&type=0;https://playnow.pl/wideo/serial/24492414;Plan B 4;Serial obyczajowy;Czwarta już odsłona perypetii zwyczajnych ludzi, którzy nie radzą sobie ze swoimi problemami. W trudnych momentach dowiadują się oni o istnieniu tajemniczej organizacji, która udostępnia technologię umożliwiającą przenoszenie się w czasie. Bohaterowie cofają się do dnia, w którym - jak uważają - powinni byli podjąć inną decyzję bądź inaczej postąpić. Mają przy tym nadzieję, że ich życie wróci na właściwe tory.
https://r.dcs.redcdn.pl/scale/play/playtv/images/catchup/008f8d9f-c1f0-4dca-8585-826fe9f0caff/AEL0117150_POST_SN_1920x1080.jpg?srcmode=3&srcw=16&srch=9&dstw=420&dsth=236&quality=80&type=1;https://r.dcs.redcdn.pl/scale/play/playtv/upload/live/5511368/images/1025055463?srcmode=3&srcx=0&srcy=0&srcw=1&srch=1&dstw=512&dsth=512&type=0;https://playnow.pl/wideo/serial/36614123;Zbrodnia na prowincji;Dokument;Autorzy ujawniają okoliczności morderstw, do których doszło w niewielkich miasteczkach, z dala od zgiełku wielkich miast. Niewielkie społeczności sprawiają wrażenie mocno ze sobą zżytych, ale w wielu przypadkach pozory mylą.
https://r.dcs.redcdn.pl/scale/play/playtv/images/catchup/b0ab4551-d7fb-4846-85d7-a07558311078/AEL0173830_POST_SN_1920x1080.jpg?srcmode=3&srcw=16&srch=9&dstw=420&dsth=236&quality=80&type=1;https://r.dcs.redcdn.pl/scale/play/playtv/upload/live/5511368/images/1025055463?srcmode=3&srcx=0&srcy=0&srcw=1&srch=1&dstw=512&dsth=512&type=0;https://playnow.pl/wideo/serial/36614137;Najbardziej szokujące pościgi;Dokument;Program ukazuje działania służb porządkowych podczas pościgów za zbiegami. Dzięki dostępowi do materiałów z różnych źródeł — od kamer samochodowych po kamery w domowych dzwonkach — widzowie mogą zobaczyć, jak wygląda prawdziwe polowanie na uciekinierów.
https://r.dcs.redcdn.pl/scale/play/playtv/images/catchup/6ed73743-73bc-46dd-a278-24af2c444d35/2211_744660-2065-507890_P0926703_Episode_1920x1080.jpg?srcmode=3&srcw=16&srch=9&dstw=420&dsth=236&quality=80&type=1;https://r.dcs.redcdn.pl/scale/play/playtv/upload/packet/4682418/images/259965422?srcmode=3&srcx=0&srcy=0&srcw=1&srch=1&dstw=512&dsth=512&type=0;https://playnow.pl/wideo/serial/16821422;EGIPT;Kultura;Wyruszamy w podróż do serca Morza Egejskiego, by poznać liczącą 4500 lat tajemnicę wyspy Keros. W 1963 r. odkryto tam tysiące fragmentów celowo zniszczonych figurek z epoki brązu. Przez lata to miejsce pozostawało zagadką, lecz dziś zespół archeologów jest bliski odkrycia prawdy o jego enigmatycznej przeszłości.
https://r.dcs.redcdn.pl/scale/play/playtv/upload/live/4387166/images/908106483?srcmode=3&srcx=0&srcy=0&srcw=1&srch=1&dstw=512&dsth=512&type=0;https://r.dcs.redcdn.pl/scale/play/playtv/upload/live/4387166/images/908106483?srcmode=3&srcx=0&srcy=0&srcw=1&srch=1&dstw=512&dsth=512&type=0;https://playnow.pl/wideo/serial/36490508;Dlaczego nie Evans?;Kryminał;
https://r.dcs.redcdn.pl/scale/play/playtv/images/catchup/656f6c9b-c01d-4e80-b673-687dbe79ce50/NBCU_Play_EEntertainment_Botched.jpg?srcmode=3&srcw=16&srch=9&dstw=420&dsth=236&quality=80&type=1;https://r.dcs.redcdn.pl/scale/play/playtv/upload/live/33009832/images/1029135652?srcmode=3&srcx=0&srcy=0&srcw=1&srch=1&dstw=512&dsth=512&type=0;https://playnow.pl/wideo/serial/6130146;Plastyczna fuszerka;Rozrywka;
https://r.dcs.redcdn.pl/scale/play/playtv/images/catchup/e3c12a25-273a-42be-846a-223fc18bff29/2508_2065_15471257228668_PK0003523_Topic_1920x1080.jpg?srcmode=3&srcw=16&srch=9&dstw=420&dsth=236&quality=80&type=1;https://r.dcs.redcdn.pl/scale/play/playtv/upload/packet/4682418/images/259965422?srcmode=3&srcx=0&srcy=0&srcw=1&srch=1&dstw=512&dsth=512&type=0;https://playnow.pl/wideo/serial/35937012;Zidentyfikowani po latach;Rozrywka;Przez blisko 30 lat makabryczna sprawa młodego mężczyzny, spalonego żywcem w Atlancie, pozostawała nierozwiązana. Dziś śledczy, we współpracy z organizacją DNA Doe Project, podejmują nową próbę identyfikacji spalonych zwłok. Chcą w końcu ustalić jego tożsamość i przekazać wyjaśnienie rodzinie.
https://r.dcs.redcdn.pl/scale/play/playtv/images/catchup/12d8970c-66a8-46a6-927c-e3265ec8d379/DSNY0000000001497832.jpg?srcmode=3&srcw=16&srch=9&dstw=420&dsth=236&quality=80&type=1;https://r.dcs.redcdn.pl/scale/play/playtv/upload/live/4231071/images/864544521?srcmode=3&srcx=0&srcy=0&srcw=1&srch=1&dstw=512&dsth=512&type=0;https://playnow.pl/wideo/serial/35479474;Klub Myszki Miki Plus;Dla dzieci;Myszka Miki i przyjaciele zapraszają wszystkich do Klubu na nowe odlotowe przygody! Czeka was dużo zabawy, mnóstwo piosenek, nowi pomocnicy i super niespodzianki!
https://r.dcs.redcdn.pl/scale/play/playtv/upload/live/4231071/images/864544521?srcmode=3&srcx=0&srcy=0&srcw=1&srch=1&dstw=512&dsth=512&type=0;https://r.dcs.redcdn.pl/scale/play/playtv/upload/live/4231071/images/864544521?srcmode=3&srcx=0&srcy=0&srcw=1&srch=1&dstw=512&dsth=512&type=0;https://playnow.pl/wideo/serial/33461102;RoboGobo;Dla dzieci;Inteligentny i troskliwy chłopiec Dax adoptuje pięć uroczych zwierzątek i zakłada Ekipę RoboGobo, drużynę superbohaterów, która ratuje zwierzęta w potrzebie. Dzięki swoim Robo-Skafandrom Ekipa RoboGobo dzielnie walczy z różnymi, często dość nietypowymi złoczyńcami. Niezależnie od tego, czy muszą zmierzyć się z samolubną świnką morską DajMi Zdzichem, zapobiec katastrofie naturalnej, czy też pomóc zagubionemu kociakowi wrócić do domu, Ekipa RoboGobo poradzi sobie z każdym wyzwaniem!
https://r.dcs.redcdn.pl/scale/play/playtv/images/catchup/8c01ba30-c727-47bf-8754-17363c7c9e66/2305_2065_10998034961668_4021791_13_Episode_1920x1080.jpg?srcmode=3&srcw=16&srch=9&dstw=420&dsth=236&quality=80&type=1;https://r.dcs.redcdn.pl/scale/play/playtv/upload/packet/4682418/images/259965422?srcmode=3&srcx=0&srcy=0&srcw=1&srch=1&dstw=512&dsth=512&type=0;https://playnow.pl/wideo/serial/19452429;TAJEMNICE I LEGENDY;Rozrywka;Sir Francis Drake był dla Anglików bohaterem, tymczasem Hiszpanie przezywali go Smokiem. Będąc handlarzem niewolników, a potem bezlitosnym łupieżcą hiszpańskich kolonii wkradł się w łaski królowej Elżbiety I, której dostarczał całe góry zrabowanych skarbów. Opłynięcie Ziemi było zwieńczeniem jego kariery i zapewniło mu miejsce w historii jako pirata, który do dziś wzbudza największe kontrowersje.
https://r.dcs.redcdn.pl/scale/play/playtv/images/catchup/bcc29cdd-9195-4d52-8f62-f92423ebc2f2/AEL0171256_POST_SN_1920x1080.jpg?srcmode=3&srcw=16&srch=9&dstw=420&dsth=236&quality=80&type=1;https://r.dcs.redcdn.pl/scale/play/playtv/upload/live/5511368/images/1025055463?srcmode=3&srcx=0&srcy=0&srcw=1&srch=1&dstw=512&dsth=512&type=0;https://playnow.pl/wideo/serial/36315412;Najsłynniejszy dom publiczny - Mroczne sekrety;Dokument;Serial dokumentalny.
https://r.dcs.redcdn.pl/scale/play/playtv/images/catchup/18afbc69-62fb-4c4f-8827-c032fcb3adbe/AEL0171296_POST_SN_1920x1080.jpg?srcmode=3&srcw=16&srch=9&dstw=420&dsth=236&quality=80&type=1;https://r.dcs.redcdn.pl/scale/play/playtv/upload/live/8/images/1028899355?srcmode=3&srcx=0&srcy=0&srcw=1&srch=1&dstw=512&dsth=512&type=0;https://playnow.pl/wideo/serial/35645901;II wojna światowa w kolorze - przełomowe momenty;Dokument;Dzięki zastosowaniu najnowszych technik koloryzacyjnych obrazu filmowego serial prezentuje historię II wojny światowej, w sposób dotąd nie pokazywany.
https://r.dcs.redcdn.pl/scale/play/playtv/upload/live/5511368/images/1025055463?srcmode=3&srcx=0&srcy=0&srcw=1&srch=1&dstw=512&dsth=512&type=0;https://r.dcs.redcdn.pl/scale/play/playtv/upload/live/5511368/images/1025055463?srcmode=3&srcx=0&srcy=0&srcw=1&srch=1&dstw=512&dsth=512&type=0;https://playnow.pl/wideo/serial/35502347;Pogrzebani za domem;Dokument;Ogródek za domem może wydawać się niewinnym miejscem, ale czasami staje się kryjówką dla śmiertelnej zbrodni. Serial kryminalny „Pogrzebani za domem” szczegółowo opisuje prawdziwe przypadki morderstw, w których sprawcy próbowali zakopać swoje ofiary na podwórku. Każdy godzinny odcinek przedstawia zbrodnię i jej następstwa poprzez wykorzystanie filmowych rekonstrukcji, materiałów źródłowych i wywiadów. Ten trzymający w napięciu serial odkrywa odkrywa sekretne motywy oraz złowrogie impulsy, które doprowadziły do tak makabrycznych pochówków.
https://r.dcs.redcdn.pl/scale/play/playtv/images/catchup/0482ae68-b805-406c-b990-a44af38e0c79/AEL0168733_POST_SN_1920x1080.jpg?srcmode=3&srcw=16&srch=9&dstw=420&dsth=236&quality=80&type=1;https://r.dcs.redcdn.pl/scale/play/playtv/upload/live/9/images/1025055487?srcmode=3&srcx=0&srcy=0&srcw=1&srch=1&dstw=512&dsth=512&type=0;https://playnow.pl/wideo/serial/35502350;Skarby mistycznego świata;Dokument;„Skarby mistycznego świata” to ekscytująca nowa seria, która zagłębia się w niezwykłe historie stojące za tymi budzącymi podziw artefaktami, ich stworzeniem, tajemnicami ich niesamowitych mocy i niezapomnianymi przygodami, aby je znaleźć.
https://r.dcs.redcdn.pl/scale/play/playtv/images/catchup/95426902-dca0-488b-8fc0-85143c0d3bfd/AEL0160455_POST_SN_1920x1080.jpg?srcmode=3&srcw=16&srch=9&dstw=420&dsth=236&quality=80&type=1;https://r.dcs.redcdn.pl/scale/play/playtv/upload/live/9/images/1025055487?srcmode=3&srcx=0&srcy=0&srcw=1&srch=1&dstw=512&dsth=512&type=0;https://playnow.pl/wideo/serial/35502340;Amerykańscy zbieracze;Dokument;Mike i Frank podróżują po Stanach Zjednoczonych w poszukiwaniu rzadkich i wartościowych przedmiotów.
https://r.dcs.redcdn.pl/scale/play/playtv/images/catchup/5922e842-2ca3-4f20-9322-9ac357dc6e62/2207_706318-2065-504253_P0931066_Topic_1920x1080.jpg?srcmode=3&srcw=16&srch=9&dstw=420&dsth=236&quality=80&type=1;https://r.dcs.redcdn.pl/scale/play/playtv/upload/packet/4682418/images/259965422?srcmode=3&srcx=0&srcy=0&srcw=1&srch=1&dstw=512&dsth=512&type=0;https://playnow.pl/wideo/serial/14879119;KATASTROFA W PRZESTWORZACH;Rozrywka;Zaledwie kilka minut po starcie z nowojorskiego lotniska JFK, potężna eksplozja rozrywa na strzępy samolot lotu TWA 800. Na miejscu natychmiast pojawia się FBI, które dołącza do śledczych z NTSB – pierwsze podejrzenie to zamach terrorystyczny. Dochodzenie szybko przeradza się jednak w otwarty konflikt między dwiema agencjami, dając początek jednemu z najdłuższych, najdroższych i najbardziej skomplikowanych śledztw w historii lotnictwa.
https://r.dcs.redcdn.pl/scale/play/playtv/upload/packet/4682418/images/259965422?srcmode=3&srcx=0&srcy=0&srcw=1&srch=1&dstw=512&dsth=512&type=0;https://r.dcs.redcdn.pl/scale/play/playtv/upload/packet/4682418/images/259965422?srcmode=3&srcx=0&srcy=0&srcw=1&srch=1&dstw=512&dsth=512&type=0;https://playnow.pl/wideo/serial/33992089;MISTRZOWIE UCIECZEK;Rozrywka;Operacja „Commando Wrath” ma na celu likwidację dowódcy Partii Islamskiej, grupy terrorystycznej powiązanej z Talibami. Cel ukrywa się w górskiej fortecy w niedostępnej afgańskiej dolinie Shok. Jest chroniony przez setki świetnie wyszkolonych bojowników. Żadne siły koalicji nigdy tam nie dotarły. Zanim komandosom udaje się zbliżyć do celu, wpadają w śmiertelną pułapkę…
https://r.dcs.redcdn.pl/scale/play/playtv/images/catchup/6ea439c2-3453-4ee3-9e16-9617aad1971f/AEL0156081_POST_SN_1920x1080.jpg?srcmode=3&srcw=16&srch=9&dstw=420&dsth=236&quality=80&type=1;https://r.dcs.redcdn.pl/scale/play/playtv/upload/live/5511368/images/1025055463?srcmode=3&srcx=0&srcy=0&srcw=1&srch=1&dstw=512&dsth=512&type=0;https://playnow.pl/wideo/serial/30366047;48 godzin;Dokument;Od chwili zgłoszenia morderstwa policjanci z wydziału zabójstw zaczynają wyścig z czasem. Jeśli w ciągu pierwszych 48 godzin nie wpadną na żaden trop, ich szanse na rozwikłanie sprawy spadają o połowę.
https://r.dcs.redcdn.pl/scale/play/playtv/images/catchup/da9d2526-4797-430c-8bb2-1d0655c9831a/AEL0097200_POST_SN_1920x1080.jpg?srcmode=3&srcw=16&srch=9&dstw=420&dsth=236&quality=80&type=1;https://r.dcs.redcdn.pl/scale/play/playtv/upload/live/8/images/1028899355?srcmode=3&srcx=0&srcy=0&srcw=1&srch=1&dstw=512&dsth=512&type=0;https://playnow.pl/wideo/serial/22447476;W poszukiwaniu potwora;Dokument;Każdy odcinek „W poszukiwaniu potwora” to mini-wyprawa do odległego zakątka świata, zamieszkiwanego przez niezwykłe istoty. Czy potwory istnieją naprawdę? Nauka i technologia łączą się, aby zapewnić widzom lepszą analizę tajemniczych kości potworów, odnalezionych przez podróżników i archeologów z całego świata. Zamiast polegać na materiałach archiwalnych i starych zdjęciach, zwykle kojarzonych z tymi stworzeniami, seria eksploruje temat za pomocą zaawansowanych gadżetów (specjalne aparaty fotograficzne, podsłuchy, a nawet podwodne przynęty). Chociaż potwory niekoniecznie muszą być prawdziwe, w każdym odcinku występują prawdziwi naukowcy.
https://r.dcs.redcdn.pl/scale/play/playtv/images/catchup/4911eec1-ae9a-4694-ae58-0a5d433587eb/2508_2065_15471216662668_PK0002678_Episode_1920x1080.jpg?srcmode=3&srcw=16&srch=9&dstw=420&dsth=236&quality=80&type=1;https://r.dcs.redcdn.pl/scale/play/playtv/upload/packet/4682418/images/259965422?srcmode=3&srcx=0&srcy=0&srcw=1&srch=1&dstw=512&dsth=512&type=0;https://playnow.pl/wideo/serial/35937021;KATRINA: WYŚCIG Z CZASEM;Rozrywka;W miarę jak tysiące mieszkańców opuszczały Nowy Orlean, ukazywała się pełna skala rozproszenia mieszkańców. Przesiedlone rodziny stanęły przed ogromnym wyzwaniem odbudowy swojego życia. Dziś, dwadzieścia lat później, mieszkańcy opowiadają, jak wciąż zmagają się z powrotem, odbudową domów i próbą odzyskania poczucia, że są u siebie.
https://r.dcs.redcdn.pl/scale/play/playtv/upload/live/5511368/images/1025055463?srcmode=3&srcx=0&srcy=0&srcw=1&srch=1&dstw=512&dsth=512&type=0;https://r.dcs.redcdn.pl/scale/play/playtv/upload/live/5511368/images/1025055463?srcmode=3&srcx=0&srcy=0&srcw=1&srch=1&dstw=512&dsth=512&type=0;https://playnow.pl/wideo/serial/35897220;Morderstwo sobotniej nocy;Dokument;Serial dokumentalny.
https://r.dcs.redcdn.pl/scale/play/playtv/images/catchup/8af92370-0025-4e6e-bc42-75c77d0f11e0/AEL0164062_POST_SN_1920x1080.jpg?srcmode=3&srcw=16&srch=9&dstw=420&dsth=236&quality=80&type=1;https://r.dcs.redcdn.pl/scale/play/playtv/upload/live/9/images/1025055487?srcmode=3&srcx=0&srcy=0&srcw=1&srch=1&dstw=512&dsth=512&type=0;https://playnow.pl/wideo/serial/36037048;Ekspedycja: Tajemnica;Dokument;Serial dokumentalny.
https://r.dcs.redcdn.pl/scale/play/playtv/images/catchup/48825069-6ad5-4e10-b57f-a21002cb6807/AEL0160795_POST_SN_1920x1080.jpg?srcmode=3&srcw=16&srch=9&dstw=420&dsth=236&quality=80&type=1;https://r.dcs.redcdn.pl/scale/play/playtv/upload/live/5511368/images/1025055463?srcmode=3&srcx=0&srcy=0&srcw=1&srch=1&dstw=512&dsth=512&type=0;https://playnow.pl/wideo/serial/35045711;Najbardziej szokujące przypadki sądowe;Dokument;Serial przedstawia dramatyczne momenty, do jakich dochodzi na salach sądowych - od przerażających wybuchów świadków po gwałtowne reakcje sędziów.
https://r.dcs.redcdn.pl/scale/play/playtv/images/catchup/4584ca69-eadb-4826-9a11-067eb3ad6430/AEL0164146_POST_SN_1920x1080.jpg?srcmode=3&srcw=16&srch=9&dstw=420&dsth=236&quality=80&type=1;https://r.dcs.redcdn.pl/scale/play/playtv/upload/live/9/images/1025055487?srcmode=3&srcx=0&srcy=0&srcw=1&srch=1&dstw=512&dsth=512&type=0;https://playnow.pl/wideo/serial/34711297;Największe tajemnice świata;Dokument;Od nierozwiązanych zabójstw po ekspedycje i przygody, które zakończyły się tragedią – w tej serii eksperci próbują raz na zawsze rozwiązać tajemnice i odkryć prawdę.
https://r.dcs.redcdn.pl/scale/play/playtv/upload/live/9/images/1025055487?srcmode=3&srcx=0&srcy=0&srcw=1&srch=1&dstw=512&dsth=512&type=0;https://r.dcs.redcdn.pl/scale/play/playtv/upload/live/9/images/1025055487?srcmode=3&srcx=0&srcy=0&srcw=1&srch=1&dstw=512&dsth=512&type=0;https://playnow.pl/wideo/serial/33768108;Aukcje w ciemno;Dokument;Aukcje magazynowe są nową i słabo eksploatowaną szansą na znalezienie prawdziwych skarbów. Ci, którzy potrafią wykorzystać taką okazję, licytują nieodebraną zawartość przechowalni, licząc na zdobycie wartościowych przedmiotów.
https://r.dcs.redcdn.pl/scale/play/playtv/images/catchup/91ca995b-2250-4fee-a405-6e66103acfb5/AEL0173019_POST_SN_1920x1080.jpg?srcmode=3&srcw=16&srch=9&dstw=420&dsth=236&quality=80&type=1;https://r.dcs.redcdn.pl/scale/play/playtv/upload/live/8/images/1028899355?srcmode=3&srcx=0&srcy=0&srcw=1&srch=1&dstw=512&dsth=512&type=0;https://playnow.pl/wideo/serial/35937047;Naziści: droga do kapitulacji;Dokument;Serial dokumentalny.
https://r.dcs.redcdn.pl/scale/play/playtv/images/catchup/8e4f217f-4875-402b-84ec-24089967085a/DSNY0000000001352858_season.jpg?srcmode=3&srcw=16&srch=9&dstw=420&dsth=236&quality=80&type=1;https://r.dcs.redcdn.pl/scale/play/playtv/upload/live/4231071/images/864544521?srcmode=3&srcx=0&srcy=0&srcw=1&srch=1&dstw=512&dsth=512&type=0;https://playnow.pl/wideo/serial/27137165;Disney Junior Ariel;Dla dzieci;„Ariel” to nowy muzyczny serial Disney Junior dla młodszych dzieci, opowiadający o przygodach małej syrenki Ariel, która odkrywa moc swojego głosu. Ariel podejmuje nowe wyzwania, śpiewa i zmienia świat! Towarzyszą jej przyjaciele – ci znani nam z oryginalnego filmu, jak Sebastian i Florek, oraz całkiem nowi. Akcja serialu toczy się w głębinach tętniącego życiem Morza Karaibskiego i ukazuje widzom karaibską kulturę poprzez muzykę, potrawy, modę, język i folklor.
https://r.dcs.redcdn.pl/scale/play/playtv/images/catchup/99e33324-7882-4a1a-8e01-7ef0c221985e/AEL0171098_POST_SN_1920x1080.jpg?srcmode=3&srcw=16&srch=9&dstw=420&dsth=236&quality=80&type=1;https://r.dcs.redcdn.pl/scale/play/playtv/upload/live/8/images/1028899355?srcmode=3&srcx=0&srcy=0&srcw=1&srch=1&dstw=512&dsth=512&type=0;https://playnow.pl/wideo/serial/35045701;II wojna światowa: walka o Europę;Dokument;Serial dokumentalny.
https://r.dcs.redcdn.pl/scale/play/playtv/upload/live/4231071/images/864544521?srcmode=3&srcx=0&srcy=0&srcw=1&srch=1&dstw=512&dsth=512&type=0;https://r.dcs.redcdn.pl/scale/play/playtv/upload/live/4231071/images/864544521?srcmode=3&srcx=0&srcy=0&srcw=1&srch=1&dstw=512&dsth=512&type=0;https://playnow.pl/wideo/serial/32319045;Psia Brygada;Dla dzieci;Felek, Tadek, Renia i Lusia odpalają silniki i biorą narzędzia w łapki – czas na drugi sezon „Psiej brygady” i jeszcze więcej zabawy! Psiaki będą budować samoloty, pociągi, statki, monster trucki… Wszystko, czego potrzebują mieszkańcy Zwierzowic!
https://r.dcs.redcdn.pl/scale/play/playtv/images/catchup/e8e8c75e-ca70-4e55-81aa-2d64eca49e56/NBCU_Play_EEntertainment_HonestlyCavallariTheHeadlineTour.jpg?srcmode=3&srcw=16&srch=9&dstw=420&dsth=236&quality=80&type=1;https://r.dcs.redcdn.pl/scale/play/playtv/upload/live/33009832/images/1029135652?srcmode=3&srcx=0&srcy=0&srcw=1&srch=1&dstw=512&dsth=512&type=0;https://playnow.pl/wideo/serial/35726815;SZCZERZE Z CAVALLARI: TRASA Z GŁÓWNYMI GWIAZDAMI;Rozrywka;
https://r.dcs.redcdn.pl/scale/play/playtv/images/catchup/38d88ba2-44b7-49e6-bb52-4d7b97e0a0a9/NBCU_Play_EEntertainment_HollywoodMediumwithTylerHenry.jpg?srcmode=3&srcw=16&srch=9&dstw=420&dsth=236&quality=80&type=1;https://r.dcs.redcdn.pl/scale/play/playtv/upload/live/33009832/images/1029135652?srcmode=3&srcx=0&srcy=0&srcw=1&srch=1&dstw=512&dsth=512&type=0;https://playnow.pl/wideo/serial/19560221;Tyler Henry - medium z Hollywood;Rozrywka;
https://r.dcs.redcdn.pl/scale/play/playtv/images/catchup/6ae3aca8-e5d7-40a3-acae-931f06782548/AEL0163645_POST_SN_1920x1080.jpg?srcmode=3&srcw=16&srch=9&dstw=420&dsth=236&quality=80&type=1;https://r.dcs.redcdn.pl/scale/play/playtv/upload/live/9/images/1025055487?srcmode=3&srcx=0&srcy=0&srcw=1&srch=1&dstw=512&dsth=512&type=0;https://playnow.pl/wideo/serial/31637163;Klątwa Wyspy Dębów;Dokument;Bracia Marty i Rick probują rozwikłać tajemnicę Wyspy Dębów i odnaleźć ukryty tam skarb.
https://r.dcs.redcdn.pl/scale/play/playtv/upload/packet/4682418/images/259965422?srcmode=3&srcx=0&srcy=0&srcw=1&srch=1&dstw=512&dsth=512&type=0;https://r.dcs.redcdn.pl/scale/play/playtv/upload/packet/4682418/images/259965422?srcmode=3&srcx=0&srcy=0&srcw=1&srch=1&dstw=512&dsth=512&type=0;https://playnow.pl/wideo/serial/22642672;DRAPIEŻNIKI;Historia naturalna;Ścieżki najgroźniejszych drapieżników świata niekiedy się przecinają. A to oznacza wojnę. Obie strony są uzbrojone po zęby i zaprawione w bojach. Od aligatorów, lwów, lampartów i guźców na lądzie po mątwy, orki i kraby w głębinach oceanów - tropimy najsprawniejszych łowców świata zwierząt. Na naszych oczach afrykańska sawanna, mokradła Florydy i pacyficzne rafy koralowe zmieniają się w pole bitwy.
https://r.dcs.redcdn.pl/scale/play/playtv/images/catchup/e4110c9b-9d70-49d6-8dfd-157355e6e1e9/2206_706086-2065-340841_DVH23350_Topic_1920x1080.jpg?srcmode=3&srcw=16&srch=9&dstw=420&dsth=236&quality=80&type=1;https://r.dcs.redcdn.pl/scale/play/playtv/upload/packet/4682418/images/259965422?srcmode=3&srcx=0&srcy=0&srcw=1&srch=1&dstw=512&dsth=512&type=0;https://playnow.pl/wideo/serial/14827029;OCEAN;Historia naturalna;Na Azorach ekipa śledzi nieuchwytne kaszaloty spermacetowe, które ruszają na swoje tereny łowieckie półtora kilometra pod powierzchnią wody. Tam naukowcy spróbują odkryć tajemnice życia tych głębinowych waleni. Nowoczesne systemy kamer oraz podwodne drony pozwolą zbadać świat pogrążony w wiecznym mroku i dostrzec główną ofiarę kaszalotów – potężne kałamarnice, których nigdy dotąd nie sfilmowano w Atlantyku.
https://r.dcs.redcdn.pl/scale/play/playtv/images/catchup/dd9c3f49-34fd-446c-bad2-1296a8bb4bf6/2508_2065_15390430545668_4011608_41_Episode_1920x1080.jpg?srcmode=3&srcw=16&srch=9&dstw=420&dsth=236&quality=80&type=1;https://r.dcs.redcdn.pl/scale/play/playtv/upload/packet/4682418/images/259965422?srcmode=3&srcx=0&srcy=0&srcw=1&srch=1&dstw=512&dsth=512&type=0;https://playnow.pl/wideo/serial/35645870;BITWY MORSKIE;Historyczny;W grudniu 1944 roku, u wybrzeży Australii, niemiecki dowódca U-Boota podjął bezprecedensową wyprawę, by zaatakować alianckie statki. W poranek Bożego Narodzenia artylerzyści statku handlowego stawili opór i zniszczyli torpedę zmierzającą w stronę ich jednostki. Jednak U-Boot nie zaprzestał ataku. Załoga, desperacko oczekująca na pomoc, została wystawiona na wielką próbę.
https://r.dcs.redcdn.pl/scale/play/playtv/images/catchup/2dc314a1-685c-4647-a5c7-bba7818bbb7b/DSNY0000000001387686_season.jpg?srcmode=3&srcw=16&srch=9&dstw=420&dsth=236&quality=80&type=1;https://r.dcs.redcdn.pl/scale/play/playtv/upload/live/4231071/images/864544521?srcmode=3&srcx=0&srcy=0&srcw=1&srch=1&dstw=512&dsth=512&type=0;https://playnow.pl/wideo/serial/29135289;Superkoty;Dla dzieci;Superkoty wróciły! Kizia, Gosia, Maks i Bartuś są jeszcze bardziej bohaterscy i mają nowe puszyste moce! Szybciej śmigają, wyżej hopsają, latają we wszystkie strony i nadal stawiają czoło łobuzom – panu Pimpulkowi, Szczurci, Kotu Rabusiowi i Zsa Zsy. Dzięki nowym, kociastycznym gadżetom oraz empatii i uczynności, milusińska drużyna pomaga wszystkim zwierzakom i ludziom w Kotkowie. Sprawia, że ich świat jest weselszy i bardziej mruczasty.
https://r.dcs.redcdn.pl/scale/play/playtv/upload/live/5511368/images/1025055463?srcmode=3&srcx=0&srcy=0&srcw=1&srch=1&dstw=512&dsth=512&type=0;https://r.dcs.redcdn.pl/scale/play/playtv/upload/live/5511368/images/1025055463?srcmode=3&srcx=0&srcy=0&srcw=1&srch=1&dstw=512&dsth=512&type=0;https://playnow.pl/wideo/serial/34456387;Najbardziej szokujące pościgi;Dokument;Program ukazuje działania służb porządkowych podczas pościgów za zbiegami. Dzięki dostępowi do materiałów z różnych źródeł — od kamer samochodowych po kamery w domowych dzwonkach — widzowie mogą zobaczyć, jak wygląda prawdziwe polowanie na uciekinierów.
https://r.dcs.redcdn.pl/scale/play/playtv/images/catchup/2655ce01-dbca-4531-95f0-1a0db3a21f91/AMCUK000354UK1.jpg?srcmode=3&srcw=16&srch=9&dstw=420&dsth=236&quality=80&type=1;https://r.dcs.redcdn.pl/scale/play/playtv/upload/live/2/images/812596795?srcmode=3&srcx=0&srcy=0&srcw=1&srch=1&dstw=512&dsth=512&type=0;https://playnow.pl/wideo/serial/35223606;BREAKING BAD S5;Thriller;\<<SYNOPSIS>>
https://r.dcs.redcdn.pl/scale/play/playtv/images/catchup/8e558060-6127-48a6-abae-c99584e4a824/2207_706230-2065-561500_P0962220_Topic_1920x1080.jpg?srcmode=3&srcw=16&srch=9&dstw=420&dsth=236&quality=80&type=1;https://r.dcs.redcdn.pl/scale/play/playtv/upload/packet/4682418/images/259965422?srcmode=3&srcx=0&srcy=0&srcw=1&srch=1&dstw=512&dsth=512&type=0;https://playnow.pl/wideo/serial/14847270;SHARKFEST;Historia naturalna;Z okazji 50. rocznicy premiery kultowych „Szczęk”, Steven Spielberg dzieli się unikalnymi wspomnieniami z planu filmowego. Od epickiej powieści Petera Benchleya po jej ekranizację, Spielberg opowiada o trwałym wpływie filmu na popkulturę, kinematografię, a przede wszystkim na postrzeganie i ochronę rekinów. W rozmowach z czołowymi reżyserami Hollywood oraz wybitnymi badaczami rekinów odkrywamy, dlaczego ten legendarny film wciąż ma tak ogromne znaczenie.
https://r.dcs.redcdn.pl/scale/play/playtv/images/catchup/175385a3-a6c3-4188-b4f6-3a7286a692e8/2507_2065_15566532927668_FNG0020548_Topic_1920x1080.jpg?srcmode=3&srcw=16&srch=9&dstw=420&dsth=236&quality=80&type=1;https://r.dcs.redcdn.pl/scale/play/playtv/upload/packet/4682418/images/259965422?srcmode=3&srcx=0&srcy=0&srcw=1&srch=1&dstw=512&dsth=512&type=0;https://playnow.pl/wideo/serial/35668090;ATAK REKINA: PRZYCZYNY;Rozrywka;Niezwykła czarna plaża na indonezyjskiej wyspie Bali to miejsce wręcz idylliczne, słynące z bajecznych zachodów słońca. W roku 2010 błogi spokój panujący w tej okolicy zakłóca atak rekina - to pierwszy tego rodzaju wypadek odnotowany w tym rejonie. Po sześciu miesiącach mają miejsce podobne zdarzenia. Badacze sprawdzają, co się zmieniło na plaży Balian i dlaczego ten niewielki odcinek wybrzeża okazuje się najniebezpieczniejszy na całej wyspie.
https://r.dcs.redcdn.pl/scale/play/playtv/upload/live/15660407/images/1028917029?srcmode=3&srcx=0&srcy=0&srcw=1&srch=1&dstw=512&dsth=512&type=0;https://r.dcs.redcdn.pl/scale/play/playtv/upload/live/15660407/images/1028917029?srcmode=3&srcx=0&srcy=0&srcw=1&srch=1&dstw=512&dsth=512&type=0;https://playnow.pl/wideo/serial/35705703;Studio Zdrowego Smaku;Lifestyle;Dietetyczka kliniczna Milena Nosek oraz szef kuchni Robert Harna łączą siły, by pokazać, że zdrowe jedzenie może być smaczne i proste w przygotowaniu. W każdym odcinku znajdziesz inspiracje na dania pełne wartości odżywczych oraz praktyczne porady kulinarne.
https://r.dcs.redcdn.pl/scale/play/playtv/images/catchup/e1026bb0-bb26-4c43-a37c-d50fc34af7c6/cover_pc.jpg?srcmode=3&srcw=16&srch=9&dstw=420&dsth=236&quality=80&type=1;https://r.dcs.redcdn.pl/scale/play/playtv/upload/live/15660407/images/1028917029?srcmode=3&srcx=0&srcy=0&srcw=1&srch=1&dstw=512&dsth=512&type=0;https://playnow.pl/wideo/serial/35705700;Psie opowieści. Droga do domu;Lifestyle;Poruszające historie zwierząt chorych, starszych, a nawet maltretowanych w przeszłości. Małżeństwo Danielle i Rob wraz z 50 pracownikami opiekują się nimi, leczą, rehabilitują i szukają dla nich nowych domów.
https://r.dcs.redcdn.pl/scale/play/playtv/images/catchup/fc4163d5-e99c-4bb8-a8d4-06b20c33afb2/cover_pc.jpg?srcmode=3&srcw=16&srch=9&dstw=420&dsth=236&quality=80&type=1;https://r.dcs.redcdn.pl/scale/play/playtv/upload/live/15660407/images/1028917029?srcmode=3&srcx=0&srcy=0&srcw=1&srch=1&dstw=512&dsth=512&type=0;https://playnow.pl/wideo/serial/35705689;Podróże kulinarne Lee Chan;Lifestyle;Znana prezenterka telewizyjna i gwiazda reality show, Lee Chan, podróżuje po świecie, smakując różnorodnych potraw. Lee odwiedza każdy zakątek globu, gotuje lokalne potrawy, próbuje najdziwniejszych produktów. Od targów Azji po dzikie obszary Afryki, pełna energii delektuje się przysmakami, poznając przy tym różne kultury. Łączy pasję do podróży i do kuchni.
https://r.dcs.redcdn.pl/scale/play/playtv/images/catchup/ba2605c5-dd98-4070-aabf-1de94769a87e/2311_2065_11725290354668_P0754471_Episode_1920x1080.jpg?srcmode=3&srcw=16&srch=9&dstw=420&dsth=236&quality=80&type=1;https://r.dcs.redcdn.pl/scale/play/playtv/upload/packet/4682418/images/259965422?srcmode=3&srcx=0&srcy=0&srcw=1&srch=1&dstw=512&dsth=512&type=0;https://playnow.pl/wideo/serial/21837237;NIEZWYKŁY DR POL;Ludzie;W klinice zapanował dziś prawdziwy psi i koński cyrk. Doktor Pol asystuje przy porodzie u młodej klaczy, a doktor Lisa leczy doga niemieckiego z opuchniętym pyskiem. Tymczasem kozy walczą o życie z kokcydią, kot zmaga się z gazami, świnka traci brzuszek, a czarny labrador ma wyjątkowo śmierdzący problem.
https://r.dcs.redcdn.pl/scale/play/playtv/upload/live/5511368/images/1025055463?srcmode=3&srcx=0&srcy=0&srcw=1&srch=1&dstw=512&dsth=512&type=0;https://r.dcs.redcdn.pl/scale/play/playtv/upload/live/5511368/images/1025055463?srcmode=3&srcx=0&srcy=0&srcw=1&srch=1&dstw=512&dsth=512&type=0;https://playnow.pl/wideo/serial/34283783;Ferie, impreza, morderstwo;Dokument;W programie „Ferie, impreza, morderstwo” widzowie zagłębiają się w mrożące krew w żyłach historie zbrodni, które wydarzyły się podczas beztroskich, młodzieńczych wypraw. Noc imprezowania Teksańczyka po drugiej stronie granicy kończy się rytualnym morderstwem. 19-latek wybiera się na narty w Górach Skalistych i ginie w tajemniczych okolicznościach. Australijska przygoda z plecakiem zamienia się w krwawy koszmar. Każdy odcinek skupia się na jednej sprawie, łącząc relacje świadków, inscenizacje, a także autentyczne materiały — wiadomości tekstowe, nagrania z monitoringu i wideo z telefonów komórkowych, które pomogły rozwikłać zagadkę.
https://r.dcs.redcdn.pl/scale/play/playtv/images/catchup/66ac5e8f-e423-4047-bbb4-898c10905d06/AEL0146231_POST_SN_1920x1080.jpg?srcmode=3&srcw=16&srch=9&dstw=420&dsth=236&quality=80&type=1;https://r.dcs.redcdn.pl/scale/play/playtv/upload/live/5511368/images/1025055463?srcmode=3&srcx=0&srcy=0&srcw=1&srch=1&dstw=512&dsth=512&type=0;https://playnow.pl/wideo/serial/25028321;Tajemnice pokoju przesłuchań;Dokument;Każdy odcinek przedstawia zabójstwa i inne poważne zbrodnie. Poznajemy je przez pryzmat przesłuchań, które przeprowadzono z oskarżonymi i wypowiedzi osób związanych z daną sprawą – detektywów, śledczych, prawników, psychologów, i członków rodziny.
https://r.dcs.redcdn.pl/scale/play/playtv/images/catchup/58f7a7ba-b246-49a3-89f5-1ffabc46552a/2506_2065_15340103946668_DV016443_Episode_1920x1080.jpg?srcmode=3&srcw=16&srch=9&dstw=420&dsth=236&quality=80&type=1;https://r.dcs.redcdn.pl/scale/play/playtv/upload/packet/4682418/images/259965422?srcmode=3&srcx=0&srcy=0&srcw=1&srch=1&dstw=512&dsth=512&type=0;https://playnow.pl/wideo/serial/33749987;KIERUNEK WILD;Rozrywka;Migracja zwierząt, determinowana zmianami pór roku i zmianami klimatycznymi, to wyścig. Wędrowcy muszą dotrzeć do celu, nim będzie za późno - na to, by znaleźć pożywienie, przedłużyć gatunek i by po prostu przeżyć. Od niepokojąco zmieniającej się kry lodowej w Arktyce po solniska w Botswanie - biliony przedstawicieli rozmaitych gatunków wyruszają w podróż, by przetrwać i ochronić swoje dziedzictwo. Muszą pozostawać w ruchu, inaczej zginą. Morsy i rekiny wielorybie, zebry i orangutany, widłorogi amerykańskie i plankton - dla tych stworzeń każdy dzień oznacza ściganie się z czasem.
https://r.dcs.redcdn.pl/scale/play/playtv/images/catchup/b12d9a0e-ca96-48d8-ae9b-791ca5a87df0/2507_2065_15566537937668_FNG0020612_Episode_1920x1080.jpg?srcmode=3&srcw=16&srch=9&dstw=420&dsth=236&quality=80&type=1;https://r.dcs.redcdn.pl/scale/play/playtv/upload/packet/4682418/images/259965422?srcmode=3&srcx=0&srcy=0&srcw=1&srch=1&dstw=512&dsth=512&type=0;https://playnow.pl/wideo/serial/35479477;ATAK REKINA: DOCHODZENIE;Rozrywka;Inicjatywy na rzecz ochrony rekinów przyczyniły się do wzrostu populacji żarłaczy białych. To z kolei skutkuje częstszymi spotkaniami ludzi z tymi drapieżników w wodach Kalifornii. Zespół badawczy analizuje przyczyny tego zjawiska. Pozyskane nagrania oferują fascynujący wgląd w zachowanie rekinów i ujawniają, jak często ludzie znajdują się w ich pobliżu i nie padają ofiarą ich ataków.
https://r.dcs.redcdn.pl/scale/play/playtv/upload/live/5511368/images/1025055463?srcmode=3&srcx=0&srcy=0&srcw=1&srch=1&dstw=512&dsth=512&type=0;https://r.dcs.redcdn.pl/scale/play/playtv/upload/live/5511368/images/1025055463?srcmode=3&srcx=0&srcy=0&srcw=1&srch=1&dstw=512&dsth=512&type=0;https://playnow.pl/wideo/serial/32447863;Oszustwo doskonałe;Dokument;Ten 10-odcinkowy serial dokumentalny zagłębia się w złowrogi świat oszustw matrymonialnych, oszustw finansowych i oszustw cyfrowych, pokazując, jak sprawcy manipulują zaufaniem i żerują na ludzkich słabościach.
https://r.dcs.redcdn.pl/scale/play/playtv/images/catchup/e76acd16-81ee-414c-ae34-5d6452926022/NBCU_Play_13Ulica_WhitstablePearl.jpg?srcmode=3&srcw=16&srch=9&dstw=420&dsth=236&quality=80&type=1;https://r.dcs.redcdn.pl/scale/play/playtv/upload/live/4387166/images/908106483?srcmode=3&srcx=0&srcy=0&srcw=1&srch=1&dstw=512&dsth=512&type=0;https://playnow.pl/wideo/serial/20386596;Detektyw z wybrzeża;Kryminał;
https://r.dcs.redcdn.pl/scale/play/playtv/images/catchup/23664dae-7acc-46a1-a158-c519769efd8c/AEL0168262_POST_SN_1920x1080.jpg?srcmode=3&srcw=16&srch=9&dstw=420&dsth=236&quality=80&type=1;https://r.dcs.redcdn.pl/scale/play/playtv/upload/live/5511368/images/1025055463?srcmode=3&srcx=0&srcy=0&srcw=1&srch=1&dstw=512&dsth=512&type=0;https://playnow.pl/wideo/serial/34172062;Gypsy Rose Blanchard: życie od nowa;Dokument;„Gypsy Rose Blanchard: życie od nowa” to dalszy ciąg historii, którą żył niemal cały świat.  Program przedstawia pierwsze miesiące życia Gypsy Rose Blanchard od momentu zwolnienia z więzienia. Jak młoda kobieta poradzi sobie na wolności? Jak zareaguje na sławę i pościg paparazzich? Czy jej małżeństwo będzie równie udane bez więzienia w tle? Gypsy zaczynając nowe życie nie kryje swoich obaw. Będąc zależną od matki przez całe swoje życie, martwi się o to, co może wnieść do swojego małżeństwa z Ryanem. Po trzydziestu latach spędzi czas z Rodem jak córka z ojcem. Gypsy zmierzy się także ze swoją przeszłością.
https://r.dcs.redcdn.pl/scale/play/playtv/images/catchup/060a48b7-3919-44a0-84af-79cdcdee44dc/AEL0164041_POST_SN_1920x1080.jpg?srcmode=3&srcw=16&srch=9&dstw=420&dsth=236&quality=80&type=1;https://r.dcs.redcdn.pl/scale/play/playtv/upload/live/9/images/1025055487?srcmode=3&srcx=0&srcy=0&srcw=1&srch=1&dstw=512&dsth=512&type=0;https://playnow.pl/wideo/serial/34172840;Starożytni kosmici;Dokument;Autorzy serii badają kontrowersyjne teorie paleoastronautyki - paranauki zakładającej, że obcy odwiedzają naszą planetę od milionów lat. Zwolennicy tej hipotezy szukają dowodów na obecność kosmitów na Ziemi w pozostałościach z ery dinozaurów, rysunkach jaskiniowców, zabytkach starożytnego Egiptu czy współczesnych opowieściach o UFO. Program „Starożytni kosmici” powstał we współpracy z Erichem von Dänikenem, autorem i popularyzatorem koncepcji, zakładającej wpływ obcych na życie ludzi w czasach przedhistorycznych. Twórcy cyklu podróżują po całym świecie w poszukiwaniu dowodów na ingerencje kosmitów w historię naszej cywilizacji
https://r.dcs.redcdn.pl/scale/play/playtv/upload/packet/4682418/images/259965422?srcmode=3&srcx=0&srcy=0&srcw=1&srch=1&dstw=512&dsth=512&type=0;https://r.dcs.redcdn.pl/scale/play/playtv/upload/packet/4682418/images/259965422?srcmode=3&srcx=0&srcy=0&srcw=1&srch=1&dstw=512&dsth=512&type=0;https://playnow.pl/wideo/serial/17975958;KATASTROFY NATURALNE;Historia naturalna;22 maja 2011 roku Joplin w stanie Missouri nawiedziło niszczycielskie tornado, które pochłonęło 158 istnień i spowodowało ogromne zniszczenia. Wykorzystując archiwalne nagrania i wzruszające relacje ocalałych, odtwarzamy wydarzenia jednego z najtragiczniejszych tornad w historii Stanów Zjednoczonych.
https://r.dcs.redcdn.pl/scale/play/playtv/images/catchup/49cfe8ba-d471-4973-bd27-75d15e8b1ca1/AEL0154444_POST_SN_1920x1080.jpg?srcmode=3&srcw=16&srch=9&dstw=420&dsth=236&quality=80&type=1;https://r.dcs.redcdn.pl/scale/play/playtv/upload/live/9/images/1025055487?srcmode=3&srcx=0&srcy=0&srcw=1&srch=1&dstw=512&dsth=512&type=0;https://playnow.pl/wideo/serial/33700938;Odkryte przez katastrofę;Dokument;„Odkryte przez katastrofę” to serial dokumentalny, który bada, jak katastrofalne zjawiska naturalne odsłaniają ukryte skarby i zmieniają nasze postrzeganie historii. W świecie coraz bardziej dotkniętym zmianami klimatycznymi i ekstremalnymi warunkami pogodowymi, seria podkreśla paradoks, w którym zniszczenie prowadzi do przełomowych odkryć archeologicznych. Każdy odcinek łączy zaawansowane efekty CGI, wypowiedzi ekspertów i zdjęcia z miejsc zdarzeń, by przybliżyć niezwykłe znaleziska ujawnione przez trzęsienia ziemi, erupcje wulkanów, susze i powodzie.
https://r.dcs.redcdn.pl/scale/play/playtv/images/catchup/fccf1ef5-13e8-4311-a481-61fe95f250cd/AEL0026226_POST_SN_1920x1080.jpg?srcmode=3&srcw=16&srch=9&dstw=420&dsth=236&quality=80&type=1;https://r.dcs.redcdn.pl/scale/play/playtv/upload/live/8/images/1028899355?srcmode=3&srcx=0&srcy=0&srcw=1&srch=1&dstw=512&dsth=512&type=0;https://playnow.pl/wideo/serial/6903424;Cuda współczesnej inżynierii;Dokument;Serial przedstawia nową generację projektów technicznych, które jeszcze kilka lat temu uznawane były za niemożliwe do realizacji. Każdy odcinek prezentuje kluczowe dla naszej przyszłości przedsięwzięcia. Wśród nich są: farma wiatrowa na Morzu Północnym, gdzie średnica wirnika dochodzi do 180 metrów, gigantyczna zapora wodna, która ochroni Wenecję przed przypływami, największa ruchoma konstrukcja na świecie przykrywająca blok reaktora w Czarnobylu i flota lodołamaczy o napędzie atomowym.
https://r.dcs.redcdn.pl/scale/play/playtv/images/catchup/f02fe0b5-a696-4a2d-99f1-0d6159c2902a/AEL0155169_POST_SN_1920x1080.jpg?srcmode=3&srcw=16&srch=9&dstw=420&dsth=236&quality=80&type=1;https://r.dcs.redcdn.pl/scale/play/playtv/upload/live/9/images/1025055487?srcmode=3&srcx=0&srcy=0&srcw=1&srch=1&dstw=512&dsth=512&type=0;https://playnow.pl/wideo/serial/29750901;Gwiazdy lombardu;Dokument;Trzy pokolenia rodziny Harrisonów prowadzą w Las Vegas rodzinny lombard. Towarzyszymy im podczas pracy, w której wiedza, bystre oko i zdolności negocjacyjne, decydują o właściwej ocenie wartości i autentyczności trafiających w ich ręce przedmiotów.
https://r.dcs.redcdn.pl/scale/play/playtv/upload/live/8/images/1028899355?srcmode=3&srcx=0&srcy=0&srcw=1&srch=1&dstw=512&dsth=512&type=0;https://r.dcs.redcdn.pl/scale/play/playtv/upload/live/8/images/1028899355?srcmode=3&srcx=0&srcy=0&srcw=1&srch=1&dstw=512&dsth=512&type=0;https://playnow.pl/wideo/serial/16595161;Sekrety egipskich grobowców;Dokument;Towarzyszymy legendarnemu archeologowi, doktorowi Zahi Hawassowi, w jego wymagającej, ale szalenie ekscytującej pracy – poszukiwaniu historycznych znalezisk i jednoczesnym zarządzaniu 250 wykopaliskami rozsianymi po całym Egipcie.
https://r.dcs.redcdn.pl/scale/play/playtv/images/catchup/e4e190ea-72a6-4961-8865-6344fba0f4ad/AEL0152818_POST_SN_1920x1080.jpg?srcmode=3&srcw=16&srch=9&dstw=420&dsth=236&quality=80&type=1;https://r.dcs.redcdn.pl/scale/play/playtv/upload/live/5511368/images/1025055463?srcmode=3&srcx=0&srcy=0&srcw=1&srch=1&dstw=512&dsth=512&type=0;https://playnow.pl/wideo/serial/34169195;Zbrodnia prawie doskonała;Dokument;Sprawcy zabójstw, które nie zostały rozwiązane, często sądzą, że zbrodnia uszła im na sucho. Niezależnie od tego, czy jest to spowodowane nieudanymi dochodzeniami, brakiem dowodów, czy brakiem dostępu do współczesnej nauki, domagamy się sprawiedliwości dla ofiar. Program kryminalny „Zbrodnia prawie doskonała” koncentruje się na tym, jak te „zimne spraw” zostały ponownie prześledzone z pomocą akt policyjnych, ekspertów i świadków. Wszystko to aby zabójcy w końcu zostali złapani.
https://r.dcs.redcdn.pl/scale/play/playtv/images/catchup/ff2450c6-9c14-4dd0-9286-1e21d07df6c9/2209_733110-2065-607577_P0983304_Episode_1920x1080.jpg?srcmode=3&srcw=16&srch=9&dstw=420&dsth=236&quality=80&type=1;https://r.dcs.redcdn.pl/scale/play/playtv/upload/packet/4682418/images/259965422?srcmode=3&srcx=0&srcy=0&srcw=1&srch=1&dstw=512&dsth=512&type=0;https://playnow.pl/wideo/serial/16072334;11 WRZEŚNIA;Historyczny;Odtajnione dane z twardych dysków, zabranych z kompleksu w Abbottabadzie, w którym zginął Osama bin Laden, rzucają nowe światło na życie osobiste saudyjskiego terrorysty. Eksperci przeglądają 470 tysięcy plików cyfrowych, z których wyłania się zatrważający obraz umysłu masowego mordercy. Poznaj jego pełną sprzeczności osobowość, relacje z rodziną, stosunek do religii, a także naznaczone przemocą i destrukcją dziedzictwo, które zostawił po sobie bezwzględny przywódca Al-Kaidy.
https://r.dcs.redcdn.pl/scale/play/playtv/images/catchup/d309f5c2-dd15-4ffd-9dde-5a5237cfc063/AEL0146308_POST_SN_1920x1080.jpg?srcmode=3&srcw=16&srch=9&dstw=420&dsth=236&quality=80&type=1;https://r.dcs.redcdn.pl/scale/play/playtv/upload/live/9/images/1025055487?srcmode=3&srcx=0&srcy=0&srcw=1&srch=1&dstw=512&dsth=512&type=0;https://playnow.pl/wideo/serial/25793178;Starożytni kosmici;Dokument;Program Starożytni kosmici bada nagromadzone przez miliony lat dowody na obecność obcych na Ziemi. Od epoki dinozaurów, przez starożytny Egipt, po dzisiejsze amerykańskie pustkowia.
https://r.dcs.redcdn.pl/scale/play/playtv/upload/packet/4682418/images/259965422?srcmode=3&srcx=0&srcy=0&srcw=1&srch=1&dstw=512&dsth=512&type=0;https://r.dcs.redcdn.pl/scale/play/playtv/upload/packet/4682418/images/259965422?srcmode=3&srcx=0&srcy=0&srcw=1&srch=1&dstw=512&dsth=512&type=0;https://playnow.pl/wideo/serial/25770552;GORDON RAMSAY;Kultura;Od błękitnych wód oceanu po porośnięte zielenią góry w głębi lądu – Gordon odkrywa urzekającą wyspę Portoryko. Podczas tej niezwykłej podróży nurkuje z harpunem, odwiedza ekologiczną plantację kawy i zjeżdża po linie wzdłuż wodospadu w poszukiwaniu wyśmienitych rzecznych krewetek. Po drodze poznaje tragiczne skutki niedawnego huraganu Maria oraz dowiaduje się, jak niedobory żywności zmobilizowały mieszkańców do walki o samowystarczalność.
https://r.dcs.redcdn.pl/scale/play/playtv/images/catchup/d75a5ab3-407e-4974-aa83-d6f7daf7eb98/2301_2065_10563790042668_4023917_2_Episode_1920x1080.jpg?srcmode=3&srcw=16&srch=9&dstw=420&dsth=236&quality=80&type=1;https://r.dcs.redcdn.pl/scale/play/playtv/upload/packet/4682418/images/259965422?srcmode=3&srcx=0&srcy=0&srcw=1&srch=1&dstw=512&dsth=512&type=0;https://playnow.pl/wideo/serial/17975904;OBCY;Nauka;W 1947 roku farmer z Nowego Meksyku znajduje na swoim ranczu szczątki tajemniczego obiektu i przekazuje niezwykłe znalezisko lokalnym władzom. Wieść o UFO błyskawicznie rozchodzi się po miasteczku, przyciągając uwagę mediów z całego kraju. Amerykański rząd zaprzecza, jakoby obiekty miały związek z istotami pozaziemskimi. Wielu nieufnych obywateli uważa, że rząd coś ukrywa.
https://r.dcs.redcdn.pl/scale/play/playtv/images/catchup/ea62cfcf-70fb-443c-9c01-5dd88ba86076/2208_720522-2065-583135_P0965557_Topic_1920x1080.jpg?srcmode=3&srcw=16&srch=9&dstw=420&dsth=236&quality=80&type=1;https://r.dcs.redcdn.pl/scale/play/playtv/upload/packet/4682418/images/259965422?srcmode=3&srcx=0&srcy=0&srcw=1&srch=1&dstw=512&dsth=512&type=0;https://playnow.pl/wideo/serial/15515429;EUROPA Z POWIETRZA;Kultura;Ta niesamowita podniebna podróż, zrealizowana dzięki nowoczesnym latającym kamerom, ukazuje kraje Beneluksu z zapierającej dech w piersiach perspektywy. Zobacz, jak ożywa barwny kwiatowy dywan w Brukseli, jak przebiegają skomplikowane prace w porcie Antwerpia-Brugia i jak działa największa na świecie bariera przeciwsztormowa. Przekonaj się, jakie to uczucie patrzeć, jak ogromny latawiec wzbija się w powietrze.
https://r.dcs.redcdn.pl/scale/play/playtv/images/catchup/9f16be98-c0d9-417e-b9ed-35a2b7e5691a/2306_2065_11097537586668_P0884967_Episode_1920x1080.jpg?srcmode=3&srcw=16&srch=9&dstw=420&dsth=236&quality=80&type=1;https://r.dcs.redcdn.pl/scale/play/playtv/upload/packet/4682418/images/259965422?srcmode=3&srcx=0&srcy=0&srcw=1&srch=1&dstw=512&dsth=512&type=0;https://playnow.pl/wideo/serial/19617451;ZAGROŻONE GATUNKI;Historia naturalna;Realizator filmów przyrodniczych Martin Dohrn wraz z zespołem ekspertów specjalizujących się w nocnych zdjęciach wyrusza do kostarykańskiej puszczy tropikalnej w poszukiwaniu wielkich kotów. W gęstych lasach deszczowych żyją pumy, oceloty i nieuchwytne jaguary. Niełatwo je sfilmować. Ekipa wykorzystuje najnowocześniejszy sprzęt - kamery termowizyjne, noktowizyjne i zdalne - by zarejestrować aktywność tajemniczych wielkich kotów.
https://r.dcs.redcdn.pl/scale/play/playtv/upload/packet/4682418/images/259965422?srcmode=3&srcx=0&srcy=0&srcw=1&srch=1&dstw=512&dsth=512&type=0;https://r.dcs.redcdn.pl/scale/play/playtv/upload/packet/4682418/images/259965422?srcmode=3&srcx=0&srcy=0&srcw=1&srch=1&dstw=512&dsth=512&type=0;https://playnow.pl/wideo/serial/33760027;ALASKA;Historia naturalna;Poszukiwacz przygód Shane Reynolds – znany również jako Shane O – wyrusza na wyspę Kodiak na Alasce, by wziąć udział w połowach łososia. Przy okazji spędza trochę czasu z zamieszkującymi te rejony największymi niedźwiedziami brunatnymi w Ameryce Północnej.
https://r.dcs.redcdn.pl/scale/play/playtv/images/catchup/e1cec5b9-cf6f-404f-8290-c520544e9638/2204_690182-2065-562602_P0847755_Episode_1920x1080.jpg?srcmode=3&srcw=16&srch=9&dstw=420&dsth=236&quality=80&type=1;https://r.dcs.redcdn.pl/scale/play/playtv/upload/packet/4682418/images/259965422?srcmode=3&srcx=0&srcy=0&srcw=1&srch=1&dstw=512&dsth=512&type=0;https://playnow.pl/wideo/serial/14595347;CAR SOS;Rozrywka;Tim i Fuzz jadą do hrabstwa Derbyshire, aby zająć się 48-letnim włoskim supersamochodem: Lamborghini Espadą z 1971 roku. Auto należy do prawdziwego maniaka motoryzacji Geda, który wyłożył 4 tysiące funtów i stał się jego właścicielem w 1977 roku. Ged planował wyremontować auto samodzielnie, lecz uniemożliwiły mu to poważne kłopoty ze zdrowiem. Czy ekipa Car S.O.S. będzie potrafiła spełnić jego marzenie?
https://r.dcs.redcdn.pl/scale/play/playtv/images/catchup/1cc950cd-18a5-4b6b-a4f3-5d8beaa569b1/2204_690162-2065-570584_P0959838_Topic_1920x1080.jpg?srcmode=3&srcw=16&srch=9&dstw=420&dsth=236&quality=80&type=1;https://r.dcs.redcdn.pl/scale/play/playtv/upload/packet/4682418/images/259965422?srcmode=3&srcx=0&srcy=0&srcw=1&srch=1&dstw=512&dsth=512&type=0;https://playnow.pl/wideo/serial/14562932;PRZETRWANIE;Akcja i przygoda;W odległych lasach Mongolii Wewnętrznej, Ewenkowie uczą Hazena Audela, jak jeździć na ich cennych reniferach i chronić je przed nocnymi drapieżnikami. Po zaginięciu dwóch zwierząt, Hazen, polegając na tradycyjnych umiejętnościach przetrwania Ewenków, wyrusza w podróż przez głębokie, bagniste tereny pełne komarów, aby je odnaleźć.
https://r.dcs.redcdn.pl/scale/play/playtv/images/catchup/c9754cad-bcdb-4fbe-8be1-3a59044453fe/2208_720552-2065-474354_P0676023_Episode_1920x1080.jpg?srcmode=3&srcw=16&srch=9&dstw=420&dsth=236&quality=80&type=1;https://r.dcs.redcdn.pl/scale/play/playtv/upload/packet/4682418/images/259965422?srcmode=3&srcx=0&srcy=0&srcw=1&srch=1&dstw=512&dsth=512&type=0;https://playnow.pl/wideo/serial/16217749;ZAGINIONE MIASTA;Historyczny;Wraz z Albertem Linem wybierz się w Andy Peruwiańskie w poszukiwaniu śladów zaginionej kultury Chachapoyas - zapomnianej cywilizacji „ludzi chmur”. Panowali oni na tych terenach przez prawie milenium, zanim ulegli najazdowi Inków. Aby poznać sekrety pradawnego ludu, badacze używają supernowoczesnych urządzeń. Idąc za ich wskazaniami, Albert zapuszcza się nad rwące bystrza i do gęstych lasów mglistych.
https://r.dcs.redcdn.pl/scale/play/playtv/upload/live/2060267/images/908106481?srcmode=3&srcx=0&srcy=0&srcw=1&srch=1&dstw=512&dsth=512&type=0;https://r.dcs.redcdn.pl/scale/play/playtv/upload/live/2060267/images/908106481?srcmode=3&srcx=0&srcy=0&srcw=1&srch=1&dstw=512&dsth=512&type=0;https://playnow.pl/wideo/serial/26514268;Poirot;Dramat;Słynny belgijski detektyw Herkules Poirot, obdarzony niezwykłym talentem do rozwiązywania zagadek kryminalnych, współpracuje z kapitanem Hastingsem i nadinspektorem ze Scotland Yardu, Jamesem Jappem.
https://r.dcs.redcdn.pl/scale/play/playtv/images/catchup/170bd737-831c-4f3c-ae10-04349166df88/A_DANGEROUS_FRIENDSHIP_S1_EP1_A51027898.jpg?srcmode=3&srcw=16&srch=9&dstw=420&dsth=236&quality=80&type=1;https://r.dcs.redcdn.pl/scale/play/playtv/upload/live/2060267/images/908106481?srcmode=3&srcx=0&srcy=0&srcw=1&srch=1&dstw=512&dsth=512&type=0;https://playnow.pl/wideo/serial/34364480;Niebezpieczna przyjaźń;Dramat;Historia dwóch młodych kobiet - Marii de Rohan-Montbazon, księżnej Luynes i Chevreuse, oraz Anny Austriaczki, królowej Francji - które łączyła głęboka przyjaźń.
https://r.dcs.redcdn.pl/scale/play/playtv/images/catchup/c918ca20-5dd8-48c1-8a13-12991ba29024/AEL0164518_POST_SN_1920x1080.jpg?srcmode=3&srcw=16&srch=9&dstw=420&dsth=236&quality=80&type=1;https://r.dcs.redcdn.pl/scale/play/playtv/upload/live/9/images/1025055487?srcmode=3&srcx=0&srcy=0&srcw=1&srch=1&dstw=512&dsth=512&type=0;https://playnow.pl/wideo/serial/33265181;Pogromca tajemnic;Dokument;Dan Aykroyd odkrywa niesamowite fakty w historii ludzkości. Każdy odcinek stanowi istny pokaz osobliwości, obfitujący w najdziwniejsze, ale w 100% prawdziwe opowieści, przedstawione w fascynujący sposób.
https://r.dcs.redcdn.pl/scale/play/playtv/images/catchup/135ad4c1-2fcb-4339-be7d-f58c0fa98424/AEL0164754_POST_SN_1920x1080.jpg?srcmode=3&srcw=16&srch=9&dstw=420&dsth=236&quality=80&type=1;https://r.dcs.redcdn.pl/scale/play/playtv/upload/live/9/images/1025055487?srcmode=3&srcx=0&srcy=0&srcw=1&srch=1&dstw=512&dsth=512&type=0;https://playnow.pl/wideo/serial/33406661;Faceci ze stali;Dokument;"W programie ""Faceci ze stali"" mistrzowie w swoim fachu bursztynnik Tomasz Ołdziejewski oraz knifemaker Artur Szyngwelski połączą siły z najlepszymi kowalami w Polsce. Na początek Michał Trollsky i wspólnie wykonany sztylet na specjalne zamówienie."
https://r.dcs.redcdn.pl/scale/play/playtv/upload/live/5511368/images/1025055463?srcmode=3&srcx=0&srcy=0&srcw=1&srch=1&dstw=512&dsth=512&type=0;https://r.dcs.redcdn.pl/scale/play/playtv/upload/live/5511368/images/1025055463?srcmode=3&srcx=0&srcy=0&srcw=1&srch=1&dstw=512&dsth=512&type=0;https://playnow.pl/wideo/serial/33731926;Zbrodnie rodzinnego miasta;Dokument;„Zbrodnie rodzinnego miasta” to serial true crime opowiadający historie niewyobrażalnych zbrodni, które wstrząsnęły społecznościami w całej Ameryce, na zawsze je zmieniając.
https://r.dcs.redcdn.pl/scale/play/playtv/images/catchup/e04ecf64-b8b9-4750-a77a-f8886f5cbdaa/AEL0040064_POST_SN_1920x1080.jpg?srcmode=3&srcw=16&srch=9&dstw=420&dsth=236&quality=80&type=1;https://r.dcs.redcdn.pl/scale/play/playtv/upload/live/8/images/1028899355?srcmode=3&srcx=0&srcy=0&srcw=1&srch=1&dstw=512&dsth=512&type=0;https://playnow.pl/wideo/serial/34347013;Rzeka skarbów;Dokument;Rick Edwards i znany poszukiwacz, Beau Ouimette, polują na historyczne znaleziska w niezbadanych brytyjskich arteriach wodnych. Wydobyte przez nich skarby z przeszłości dostarczą informacji na temat naszych przodków i tego, jak żyli.
https://r.dcs.redcdn.pl/scale/play/playtv/images/catchup/36daa49f-7157-40f1-bb8b-88132d88423e/AEL0013307_POST_SN_1920x1080.jpg?srcmode=3&srcw=16&srch=9&dstw=420&dsth=236&quality=80&type=1;https://r.dcs.redcdn.pl/scale/play/playtv/upload/live/8/images/1028899355?srcmode=3&srcx=0&srcy=0&srcw=1&srch=1&dstw=512&dsth=512&type=0;https://playnow.pl/wideo/serial/3831250;Wszechświat: Zagadki starożytności;Dokument;Miniserial analizujący historię i wierzenia charakteryzujące religie, które ukształtowały wszechświat. Program kwestionuje obecne poglądy, prezentuje alternatywne i zadaje pytania otwierające nową dyskusję na temat historii wszechświata.
https://r.dcs.redcdn.pl/scale/play/playtv/images/catchup/ff7f9618-6083-49ab-b81e-57fc6c9b649a/AEL0013355_POST_SN_1920x1080.jpg?srcmode=3&srcw=16&srch=9&dstw=420&dsth=236&quality=80&type=1;https://r.dcs.redcdn.pl/scale/play/playtv/upload/live/8/images/1028899355?srcmode=3&srcx=0&srcy=0&srcw=1&srch=1&dstw=512&dsth=512&type=0;https://playnow.pl/wideo/serial/3837607;Wszechświat: Zagadki starożytności;Dokument;Miniserial analizujący historię i wierzenia charakteryzujące religie, które ukształtowały wszechświat. Program kwestionuje obecne poglądy, prezentuje alternatywne i zadaje pytania otwierające nową dyskusję na temat historii wszechświata.
https://r.dcs.redcdn.pl/scale/play/playtv/upload/live/9/images/1025055487?srcmode=3&srcx=0&srcy=0&srcw=1&srch=1&dstw=512&dsth=512&type=0;https://r.dcs.redcdn.pl/scale/play/playtv/upload/live/9/images/1025055487?srcmode=3&srcx=0&srcy=0&srcw=1&srch=1&dstw=512&dsth=512&type=0;https://playnow.pl/wideo/serial/25667521;Pogromca tajemnic;Dokument;Dan Aykroyd odkrywa niesamowite fakty w historii ludzkości. Każdy odcinek stanowi istny pokaz osobliwości, obfitujący w najdziwniejsze, ale w 100% prawdziwe opowieści, przedstawione w fascynujący sposób.
https://r.dcs.redcdn.pl/scale/play/playtv/images/catchup/846e5584-bf9b-4596-9a68-a093f3080002/AEL0043873_POST_SN_1920x1080.jpg?srcmode=3&srcw=16&srch=9&dstw=420&dsth=236&quality=80&type=1;https://r.dcs.redcdn.pl/scale/play/playtv/upload/live/8/images/1028899355?srcmode=3&srcx=0&srcy=0&srcw=1&srch=1&dstw=512&dsth=512&type=0;https://playnow.pl/wideo/serial/19716891;Zaginione złoto konfederatów;Dokument;Poszukiwacze skarbów Rick i Marty Lagina są idolami dla poszukiwaczy na całym świecie. Łączą siły z kolegą z Michigan, Kevinem Dykstrą, aby wyśledzić przemycony skarb narodowy, który pochodzi z czasów wojny secesyjnej.
https://r.dcs.redcdn.pl/scale/play/playtv/images/catchup/32a37aa2-0783-4958-a580-d099a7e73738/AEL0160692_POST_SN_1920x1080.jpg?srcmode=3&srcw=16&srch=9&dstw=420&dsth=236&quality=80&type=1;https://r.dcs.redcdn.pl/scale/play/playtv/upload/live/9/images/1025055487?srcmode=3&srcx=0&srcy=0&srcw=1&srch=1&dstw=512&dsth=512&type=0;https://playnow.pl/wideo/serial/32987826;Tajemnice, które miały trwać wiecznie;Dokument;Danny Trejo przyjrzy się budowlom, a także obiektom, które prowadza jedynie do większej liczby pytań niż odpowiedzi.
https://r.dcs.redcdn.pl/scale/play/playtv/images/catchup/880bd65a-0be0-4d10-b3a5-b9226aec1f22/AEL0154283_POST_SN_1920x1080.jpg?srcmode=3&srcw=16&srch=9&dstw=420&dsth=236&quality=80&type=1;https://r.dcs.redcdn.pl/scale/play/playtv/upload/live/5511368/images/1025055463?srcmode=3&srcx=0&srcy=0&srcw=1&srch=1&dstw=512&dsth=512&type=0;https://playnow.pl/wideo/serial/32406420;Kobiety, które niosły śmierć;Dokument;Co sprawia, że​​kobiety mordują? Czy można to przewidzieć już w dzieciństwie? A może to chciwość, zazdrość lub po prostu chęć zemsty uwalniają w nich najgorsze instynkty? Program „Kobiety, które niosły śmierć” bada psychikę prawdziwych morderczyń, aby znaleźć odpowiedzi na najtrudniejsze pytania. Była profilerka FBI, Candice DeLong, opowiada o tym, co sprawia, że ​​matki, córki, a nawet babcie stają się zabójczyniami. Dzięki realistycznym inscenizacjom, kryminalistycznym dowodom i poważnym wywiadom ze świadkami i rodziną, widz zdobywa wszechstronną wiedzę na temat każdego z omawianych w programie przestępstw.
https://r.dcs.redcdn.pl/scale/play/playtv/upload/live/2060267/images/908106481?srcmode=3&srcx=0&srcy=0&srcw=1&srch=1&dstw=512&dsth=512&type=0;https://r.dcs.redcdn.pl/scale/play/playtv/upload/live/2060267/images/908106481?srcmode=3&srcx=0&srcy=0&srcw=1&srch=1&dstw=512&dsth=512&type=0;https://playnow.pl/wideo/serial/34216853;Monsieur Spade;Dramat;Jest rok 1963. Legendarny detektyw Sam Spade cieszy się emeryturą na południu Francji — ale wtedy pojawiają się plotki o powrocie jego starego przeciwnika...
https://r.dcs.redcdn.pl/scale/play/playtv/images/catchup/38db1fb0-fdc3-4dec-b609-c196a8ddaac5/2303_2065_10751288023668_P0961938_Topic_1920x1080.jpg?srcmode=3&srcw=16&srch=9&dstw=420&dsth=236&quality=80&type=1;https://r.dcs.redcdn.pl/scale/play/playtv/upload/packet/4682418/images/259965422?srcmode=3&srcx=0&srcy=0&srcw=1&srch=1&dstw=512&dsth=512&type=0;https://playnow.pl/wideo/serial/19124204;SEKRETY ZOO;Rozrywka;W ZooTampa panuje ekscytacja związana ze zbliżającymi się narodzinami. Zespół strefy afrykańskiej z niecierpliwością oczekuje dwóch sióstr żyraf, a ciąża samicy binturonga stawia w gotowości zespół opiekujący się zwierzętami z Azji. Później tajemnicze problemy żołądkowe pantery mglistej wymagają pilnej interwencji weterynaryjnej.
https://r.dcs.redcdn.pl/scale/play/playtv/images/catchup/e319510b-8985-48e4-a4f0-6c6892c326ae/AEL0163816_POST_SN_1920x1080.jpg?srcmode=3&srcw=16&srch=9&dstw=420&dsth=236&quality=80&type=1;https://r.dcs.redcdn.pl/scale/play/playtv/upload/live/5511368/images/1025055463?srcmode=3&srcx=0&srcy=0&srcw=1&srch=1&dstw=512&dsth=512&type=0;https://playnow.pl/wideo/serial/33561740;I nie opuścisz mnie aż do śmierci;Dokument;Serial przedstawia historie zwyczajnych ludzi, którzy padli ofiarą czyjejś zazdrości. Każdy odcinek stanowi odrębną, opartą na faktach opowieść o tragicznych wydarzeniach, często niosących ze sobą długofalowe konsekwencje.
https://r.dcs.redcdn.pl/scale/play/playtv/images/catchup/c15742a2-1e72-414a-b167-7f72a839ece6/AEL0156231_POST_SN_1920x1080.jpg?srcmode=3&srcw=16&srch=9&dstw=420&dsth=236&quality=80&type=1;https://r.dcs.redcdn.pl/scale/play/playtv/upload/live/9/images/1025055487?srcmode=3&srcx=0&srcy=0&srcw=1&srch=1&dstw=512&dsth=512&type=0;https://playnow.pl/wideo/serial/32258827;Kroniki więzienne;Dokument;Każdy odcinek programu zabiera widzów w niezapomnianą podróż do wnętrza innego słynnego więzienia, odkrywając jego historię oraz historie, schematy i przestępców, przez których te miejsca cieszą się złą sławą.
https://r.dcs.redcdn.pl/scale/play/playtv/upload/live/9/images/1025055487?srcmode=3&srcx=0&srcy=0&srcw=1&srch=1&dstw=512&dsth=512&type=0;https://r.dcs.redcdn.pl/scale/play/playtv/upload/live/9/images/1025055487?srcmode=3&srcx=0&srcy=0&srcw=1&srch=1&dstw=512&dsth=512&type=0;https://playnow.pl/wideo/serial/32333293;Starożytni kosmici: geneza;Dokument;Dołącz do Giorgia Tsoukalosy, Williama Henry’ego i Jasona Martella, którzy wyruszają na globalne śledztwo i analizują archiwa serii „Starożytni kosmici”, aby zbadać najbardziej enigmatyczne stanowiska archeologiczne.
https://r.dcs.redcdn.pl/scale/play/playtv/images/catchup/c9e682b6-a430-4d90-a43a-1b897e46ea25/AEL0164772_POST_SN_1920x1080.jpg?srcmode=3&srcw=16&srch=9&dstw=420&dsth=236&quality=80&type=1;https://r.dcs.redcdn.pl/scale/play/playtv/upload/live/5511368/images/1025055463?srcmode=3&srcx=0&srcy=0&srcw=1&srch=1&dstw=512&dsth=512&type=0;https://playnow.pl/wideo/serial/33855860;Michael Jackson: proces stulecia;Dokument;Michael Jackson: proces stulecia to dwuczęściowy dokument przedstawiający jeden z największych procesów jakie wytoczono gwieździe show-biznesu.
https://r.dcs.redcdn.pl/scale/play/playtv/images/catchup/77047594-b284-4719-b74f-3c2a400a337a/2505_2065_14838376039668_FNG0008337_Topic_1920x1080.jpg?srcmode=3&srcw=16&srch=9&dstw=420&dsth=236&quality=80&type=1;https://r.dcs.redcdn.pl/scale/play/playtv/upload/packet/4682418/images/259965422?srcmode=3&srcx=0&srcy=0&srcw=1&srch=1&dstw=512&dsth=512&type=0;https://playnow.pl/wideo/serial/32828596;PRZYGODA Z BEAREM GRYLLSEM;Akcja i przygoda;Bear zabiera aktorkę Tatianę Maslany na pełną emocji przygodę w odludnych górach Laramie w stanie Wyoming. Tam będzie oczekiwał, że grająca nieustraszone bohaterki Tatiana wykaże się taką samą odwagą podczas opuszczania się na linie z klifu, wspinania się po oblodzonych zboczach i zanurzania ciała w mroźnych wodach.
https://r.dcs.redcdn.pl/scale/play/playtv/images/catchup/a8407c78-68af-4575-b3f9-edf32246ebd5/2504_2065_14644444994668_P1046921_Topic_1920x1080.jpg?srcmode=3&srcw=16&srch=9&dstw=420&dsth=236&quality=80&type=1;https://r.dcs.redcdn.pl/scale/play/playtv/upload/packet/4682418/images/259965422?srcmode=3&srcx=0&srcy=0&srcw=1&srch=1&dstw=512&dsth=512&type=0;https://playnow.pl/wideo/serial/32542516;SEKRETNE ŻYCIE;Rozrywka;Tropikalny las deszczowy w dorzeczu Konga to siedlisko krytycznie zagrożonych słoni leśnych. Są one doskonale przystosowane do życia w tym rejonie dzięki odpowiedniej budowie ciała, zachowaniom i relacjom panującym w stadzie. Sama adaptacja to jednak nie wszystko. Aby przetrwać w lesie deszczowym, słonie również kształtują przestrzeń wokół siebie i przystosowują ją do swoich potrzeb. W ten sposób powstaje środowisko, którego nie ma nigdzie indziej na świecie.
https://r.dcs.redcdn.pl/scale/play/playtv/upload/packet/4682418/images/259965422?srcmode=3&srcx=0&srcy=0&srcw=1&srch=1&dstw=512&dsth=512&type=0;https://r.dcs.redcdn.pl/scale/play/playtv/upload/packet/4682418/images/259965422?srcmode=3&srcx=0&srcy=0&srcw=1&srch=1&dstw=512&dsth=512&type=0;https://playnow.pl/wideo/serial/17261079;CZAS WIKINGÓW;Historyczny;W roku 866 wikińska Wielka Armia Pogan rozpoczęła oblężenie Yorku - stolicy średniowiecznego królestwa Nortumbrii. Przyjrzyj się największym bitwom tej wojny, jej kluczowym graczom oraz potężnym warowniom, które uległy najeźdźcom z Północy.
https://r.dcs.redcdn.pl/scale/play/playtv/images/catchup/6b4b8ff0-d413-4a4b-8a35-7c045f1e20aa/AEL0154565_POST_SN_1920x1080.jpg?srcmode=3&srcw=16&srch=9&dstw=420&dsth=236&quality=80&type=1;https://r.dcs.redcdn.pl/scale/play/playtv/upload/live/9/images/1025055487?srcmode=3&srcx=0&srcy=0&srcw=1&srch=1&dstw=512&dsth=512&type=0;https://playnow.pl/wideo/serial/32247540;Tajemnice skute lodem;Dokument;Łącząc rozrywkę CGI, zaawansowaną technologię skanującą i badania naukowe, ten serial zabiera widza w najdalsze, najzimniejsze i najbardziej wrogie człowiekowi miejsca naszej planety, aby odkryć przed nim wielkie tajemnice, niegdyś ukryte w lodzie.
https://r.dcs.redcdn.pl/scale/play/playtv/images/catchup/50f3c0b9-12af-4eec-a8fa-c17c2bcf65dd/AEL0006846_POST_SN_1920x1080.jpg?srcmode=3&srcw=16&srch=9&dstw=420&dsth=236&quality=80&type=1;https://r.dcs.redcdn.pl/scale/play/playtv/upload/live/8/images/1028899355?srcmode=3&srcx=0&srcy=0&srcw=1&srch=1&dstw=512&dsth=512&type=0;https://playnow.pl/wideo/serial/33706471;Zaginieni na Alasce;Dokument;"W północno-zachodnim rejonie Alaski obejmującym obszar 777 000 km kw. w tajemniczych okolicznościach zaginęło ponad 20 tysięcy ludzi. Do większości tych zdarzeń doszło w okolicy, którą miejscowi nazywają ""trójkątem alaskim""."
https://r.dcs.redcdn.pl/scale/play/playtv/images/catchup/ce13960c-6f42-4c21-b843-05bdb265b8a4/2310_2065_11634902063668_P0993154_Topic_1920x1080.jpg?srcmode=3&srcw=16&srch=9&dstw=420&dsth=236&quality=80&type=1;https://r.dcs.redcdn.pl/scale/play/playtv/upload/packet/4682418/images/259965422?srcmode=3&srcx=0&srcy=0&srcw=1&srch=1&dstw=512&dsth=512&type=0;https://playnow.pl/wideo/serial/21586713;III RZESZA: DROGA DO UPADKU;Historyczny;Październik 1944 roku. Po nocnym przekraczaniu włoskiej rzeki Savio nowo uformowany pluton łowców czołgów z kanadyjskiego pułku Seaforth Highlanders natyka się na grupę niemieckich czołgów i dział samobieżnych. Kanadyjczycy są odcięci od własnych wojsk pancernych przez wezbrane wody Savio. Zobacz, jak stawiają czoło wrogowi, dysponując jedynie bronią, którą mają ze sobą.
https://r.dcs.redcdn.pl/scale/play/playtv/upload/live/8/images/1028899355?srcmode=3&srcx=0&srcy=0&srcw=1&srch=1&dstw=512&dsth=512&type=0;https://r.dcs.redcdn.pl/scale/play/playtv/upload/live/8/images/1028899355?srcmode=3&srcx=0&srcy=0&srcw=1&srch=1&dstw=512&dsth=512&type=0;https://playnow.pl/wideo/serial/4231096;Imperium w budowie;Dokument;Serial koncentruje się na architektonicznych dziełach wielkich cywilizacji i narodów takich jak Majowie, Chińczycy, Rosjanie, Persowie czy Bizantyjczycy. Przez pryzmat ich osiągnięć twórcy programu analizują historię i kulturę tych społeczeństw.
https://r.dcs.redcdn.pl/scale/play/playtv/images/catchup/d24f9288-436a-4c05-b552-cd70493abbcd/AEL0066941_POST_SN_1920x1080.jpg?srcmode=3&srcw=16&srch=9&dstw=420&dsth=236&quality=80&type=1;https://r.dcs.redcdn.pl/scale/play/playtv/upload/live/8/images/1028899355?srcmode=3&srcx=0&srcy=0&srcw=1&srch=1&dstw=512&dsth=512&type=0;https://playnow.pl/wideo/serial/7426570;Zagadki starożytnego świata;Dokument;Badacz i odkrywca Josh Bernstein podróżuje po całym świecie, zgłębiając tajemnice starożytności. Korzystając z najnowszych technologii Josh bada i weryfikuje nowe teorie.
https://r.dcs.redcdn.pl/scale/play/playtv/images/catchup/7b47a08b-bdac-4a86-96a4-8f17d9633ce3/AEL0162623_POST_SN_1920x1080.jpg?srcmode=3&srcw=16&srch=9&dstw=420&dsth=236&quality=80&type=1;https://r.dcs.redcdn.pl/scale/play/playtv/upload/live/5511368/images/1025055463?srcmode=3&srcx=0&srcy=0&srcw=1&srch=1&dstw=512&dsth=512&type=0;https://playnow.pl/wideo/serial/32987840;Polskie zabójczynie;Dokument;„Polskie zabójczynie” prezentują sprawy, które elektryzowały opinię publiczną w całym kraju. Opowieści o kobietach, które dopuściły się najpodlejszych czynów uzupełnione są o inscenizacje oraz wypowiedzi osób zaangażowanych w poszczególne sprawy – funkcjonariuszy organów ścigania, psychologów, dziennikarzy.
https://r.dcs.redcdn.pl/scale/play/playtv/images/catchup/5c133a73-6739-4960-92a8-caf287a17f55/AEL0091328_POST_SN_1920x1080.jpg?srcmode=3&srcw=16&srch=9&dstw=420&dsth=236&quality=80&type=1;https://r.dcs.redcdn.pl/scale/play/playtv/upload/live/5511368/images/1025055463?srcmode=3&srcx=0&srcy=0&srcw=1&srch=1&dstw=512&dsth=512&type=0;https://playnow.pl/wideo/serial/11136531;I nie opuścisz mnie aż do śmierci;Dokument;Serial przedstawia historie zwyczajnych ludzi, którzy padli ofiarą czyjejś zazdrości. Każdy odcinek stanowi odrębną, opartą na faktach opowieść o tragicznych wydarzeniach, często niosących ze sobą długofalowe konsekwencje.
https://r.dcs.redcdn.pl/scale/play/playtv/upload/packet/4682418/images/259965422?srcmode=3&srcx=0&srcy=0&srcw=1&srch=1&dstw=512&dsth=512&type=0;https://r.dcs.redcdn.pl/scale/play/playtv/upload/packet/4682418/images/259965422?srcmode=3&srcx=0&srcy=0&srcw=1&srch=1&dstw=512&dsth=512&type=0;https://playnow.pl/wideo/serial/17383905;PSY;Ludzie;Czy twój pies potrafi przechytrzyć opiekunów? Czy za ich plecami nagina ustalone zasady? Doktor Brian Hare opracował kilka naukowych testów, które demaskują strategie stosowane przez czworonogi i pomagają budować lepsze relacje między ludźmi a ich pupilami. Przyglądamy się także niezwykłej różnorodności ras psów. To najbardziej zróżnicowany gatunek ssaków, występujący w przyrodzie. Aż trudno uwierzyć, że wszystkie rasy, począwszy od bernardyna, a skończywszy na chihuahua, mają wspólnych przodków - wilki.
https://r.dcs.redcdn.pl/scale/play/playtv/images/catchup/d718f418-1a36-4563-98c9-b767bb3daab5/AEL0160877_POST_SN_1920x1080.jpg?srcmode=3&srcw=16&srch=9&dstw=420&dsth=236&quality=80&type=1;https://r.dcs.redcdn.pl/scale/play/playtv/upload/live/5511368/images/1025055463?srcmode=3&srcx=0&srcy=0&srcw=1&srch=1&dstw=512&dsth=512&type=0;https://playnow.pl/wideo/serial/32698940;Dowody zbrodni: Morderstwa na bagnach;Dokument;To serial opowiadający o śledztwach dotyczących przestępstw, które przez lata pozostawały nierozwiązane.
https://r.dcs.redcdn.pl/scale/play/playtv/images/catchup/55a93b25-2280-452f-953b-04e6eac6f8df/AEL0109355_POST_SN_1920x1080.jpg?srcmode=3&srcw=16&srch=9&dstw=420&dsth=236&quality=80&type=1;https://r.dcs.redcdn.pl/scale/play/playtv/upload/live/5511368/images/1025055463?srcmode=3&srcx=0&srcy=0&srcw=1&srch=1&dstw=512&dsth=512&type=0;https://playnow.pl/wideo/serial/20152392;Zbrodnia prawie doskonała;Dokument;W prowincjonalnym miasteczku w Teksasie w 2001 roku Pamela Shelley decyduje się zakończyć toksyczny związek ze swoim chłopakiem Ronniem Hendrickiem. Wkrótce dziewczyna zostaje śmiertelnie postrzelona w głowę.
https://r.dcs.redcdn.pl/scale/play/playtv/images/catchup/eb78963d-6ef5-45de-94e7-06a7bde1cea5/2505_2065_14838358228668_P0806065_Episode_1920x1080.jpg?srcmode=3&srcw=16&srch=9&dstw=420&dsth=236&quality=80&type=1;https://r.dcs.redcdn.pl/scale/play/playtv/upload/packet/4682418/images/259965422?srcmode=3&srcx=0&srcy=0&srcw=1&srch=1&dstw=512&dsth=512&type=0;https://playnow.pl/wideo/serial/32258825;AMERYKA POŁUDNIOWA;Rozrywka;W argentyńskiej dziczy, gdzie surowy teren obfituje w drapieżniki, każdy dzień to walka o przetrwanie. Obserwujemy pumę polującą w dolinie na gwanako, tarantulę broniącą się przed pancernikiem oraz głodne lisy walczące z największym sępem świata.
https://r.dcs.redcdn.pl/scale/play/playtv/upload/live/4231071/images/864544521?srcmode=3&srcx=0&srcy=0&srcw=1&srch=1&dstw=512&dsth=512&type=0;https://r.dcs.redcdn.pl/scale/play/playtv/upload/live/4231071/images/864544521?srcmode=3&srcx=0&srcy=0&srcw=1&srch=1&dstw=512&dsth=512&type=0;https://playnow.pl/wideo/serial/33548003;Miraculous: Biedronka i Czarny Kot;Dla dzieci;Dwoje paryskich nastolatków, Marinette Dupain-Cheng i Adrien Agreste, przemieniają się w superbohaterów: Biedronkę i Czarnego Kota, by chronić miasto przed złoczyńcami.
https://r.dcs.redcdn.pl/scale/play/playtv/images/catchup/15a80948-936b-4cf0-a7db-2d9292c42d30/AEL0146339_POST_SN_1920x1080.jpg?srcmode=3&srcw=16&srch=9&dstw=420&dsth=236&quality=80&type=1;https://r.dcs.redcdn.pl/scale/play/playtv/upload/live/9/images/1025055487?srcmode=3&srcx=0&srcy=0&srcw=1&srch=1&dstw=512&dsth=512&type=0;https://playnow.pl/wideo/serial/30492521;Jak to wyjaśnić?;Dokument;Serial poświęcony najbardziej zagadkowym filmom, zdjęciom i nagraniom audio. Ich tematem są m.in. UFO, kryptydy czy niesamowite zjawiska dotyczące historii naturalnej.
https://r.dcs.redcdn.pl/scale/play/playtv/images/catchup/05c0dfc5-df00-4b3f-9ed7-0da470ba5e4b/AIR_CRASH_INVESTIGATION_S3_EP3_A51027774.jpg?srcmode=3&srcw=16&srch=9&dstw=420&dsth=236&quality=80&type=1;https://r.dcs.redcdn.pl/scale/play/playtv/upload/live/2060266/images/913218414?srcmode=3&srcx=0&srcy=0&srcw=1&srch=1&dstw=512&dsth=512&type=0;https://playnow.pl/wideo/serial/33423470;Katastrofy w przestworzach;Inne;Seria opowiada o katastrofach lotniczych, kolejowych i morskich. Poznamy relacje tych, którzy przeżyli, wysłuchamy członków rodzin ofiar i przyjrzymy się pracy śledczych badających przyczyny wypadków.
https://r.dcs.redcdn.pl/scale/play/playtv/images/catchup/bbadaf45-0e4c-4d85-8761-489effc9b713/MIGHTY_RIVERS_S1_EP2_50010023.jpg?srcmode=3&srcw=16&srch=9&dstw=420&dsth=236&quality=80&type=1;https://r.dcs.redcdn.pl/scale/play/playtv/upload/live/2060265/images/913218412?srcmode=3&srcx=0&srcy=0&srcw=1&srch=1&dstw=512&dsth=512&type=0;https://playnow.pl/wideo/serial/33443989;Wielkie rzeki;Przyrodniczy;"Wielkie zwierzęta słodkowodne są coraz rzadsze. Biolog i „łowca gigantów"" Jeremy Wade uważa, że to dla nas sygnał alarmowy — dlatego wyrusza na wyprawę, aby zbadać, jak naprawdę wygląda sytuacja."
https://r.dcs.redcdn.pl/scale/play/playtv/upload/live/38024/images/913218410?srcmode=3&srcx=0&srcy=0&srcw=1&srch=1&dstw=512&dsth=512&type=0;https://r.dcs.redcdn.pl/scale/play/playtv/upload/live/38024/images/913218410?srcmode=3&srcx=0&srcy=0&srcw=1&srch=1&dstw=512&dsth=512&type=0;https://playnow.pl/wideo/serial/33443971;Ramzes: władca Egiptu;Historyczny;Seria, bazująca na najnowszych odkryciach archeologicznych, ukazuje życie jednego z największych władców Egiptu. Zobaczymy, jak potężny Ramzes stał się karykaturą własnej propagandy.
https://r.dcs.redcdn.pl/scale/play/playtv/images/catchup/fa399a5c-6d2d-4360-899b-88c7e95b8a6a/SECRETS_OF_THE_ENCHANTED_FORESTS_S1_EP5_A51026930.jpg?srcmode=3&srcw=16&srch=9&dstw=420&dsth=236&quality=80&type=1;https://r.dcs.redcdn.pl/scale/play/playtv/upload/live/2060265/images/913218412?srcmode=3&srcx=0&srcy=0&srcw=1&srch=1&dstw=512&dsth=512&type=0;https://playnow.pl/wideo/serial/33443973;Lasy: tajemnicze krainy;Przyrodniczy;W tej serii poznamy najbogatsze i najbardziej zróżnicowane lasy na naszej planecie — od tropików po bieguny — i dowiemy się, w jaki sposób zapewniają one warunki do życia dla niezliczonych gatunków.
https://r.dcs.redcdn.pl/scale/play/playtv/images/catchup/261caa96-fcd4-42cd-bb0d-9fabb1a84ab4/THE_RISE_OF_THE_DICTATORS_S1_EP4_A51026029.jpg?srcmode=3&srcw=16&srch=9&dstw=420&dsth=236&quality=80&type=1;https://r.dcs.redcdn.pl/scale/play/playtv/upload/live/38024/images/913218410?srcmode=3&srcx=0&srcy=0&srcw=1&srch=1&dstw=512&dsth=512&type=0;https://playnow.pl/wideo/serial/33443965;Dyktatorzy: droga do władzy;Historyczny;Sześcioodcinkowa seria pokazuje, w jaki sposób dyktatorzy dochodzą do władzy. Autorzy proponują nam wgląd w kruchość demokracji i ukazują przerażającą odporność autorytaryzmu.
https://r.dcs.redcdn.pl/scale/play/playtv/images/catchup/34f8ec04-e106-424b-8dc4-66bceaa60d97/A_CHEETAHS_PRIDE_S1_EP1_A51027675.jpg?srcmode=3&srcw=16&srch=9&dstw=420&dsth=236&quality=80&type=1;https://r.dcs.redcdn.pl/scale/play/playtv/upload/live/2060265/images/913218412?srcmode=3&srcx=0&srcy=0&srcw=1&srch=1&dstw=512&dsth=512&type=0;https://playnow.pl/wideo/serial/33441170;Rodzina gepardów;Przyrodniczy;Dwie gepardzie matki spotykają się przypadkiem, a ich młode mieszają się: jedna wychowuje kocięta drugiej. Jeszcze dziwniejsze jest to, że zamiast pójść własnymi drogami — ostatecznie pozostają razem.
https://r.dcs.redcdn.pl/scale/play/playtv/upload/packet/4682418/images/259965422?srcmode=3&srcx=0&srcy=0&srcw=1&srch=1&dstw=512&dsth=512&type=0;https://r.dcs.redcdn.pl/scale/play/playtv/upload/packet/4682418/images/259965422?srcmode=3&srcx=0&srcy=0&srcw=1&srch=1&dstw=512&dsth=512&type=0;https://playnow.pl/wideo/serial/25444363;KRÓLOWE ŚWIATA ZWIERZĄT;Rozrywka;Nagradzane autorki zdjęć i początkujące filmowczynie połączyły siły, by stworzyć niesamowity dokument, opowiadający losy wspaniałych królowych świata zwierząt. Podczas swoich podróży do najodleglejszych zakątków globu, autorki dokumentu poznały utalentowane naukowczynie oraz aktywistki, robiące co w ich mocy, by chronić dzikie zwierzęta i środowisko, w którym żyją. Poznaj kulisy powstawania tego pięknego i poruszającego programu.
https://r.dcs.redcdn.pl/scale/play/playtv/images/catchup/d2b08727-0486-4776-a2da-01307a63c15f/AEL0141431_POST_SN_1920x1080.jpg?srcmode=3&srcw=16&srch=9&dstw=420&dsth=236&quality=80&type=1;https://r.dcs.redcdn.pl/scale/play/playtv/upload/live/9/images/1025055487?srcmode=3&srcx=0&srcy=0&srcw=1&srch=1&dstw=512&dsth=512&type=0;https://playnow.pl/wideo/serial/26107284;Wykute w ogniu;Dokument;W programie rywalizują ze sobą najzdolniejsi twórcy białej broni w USA. Zadaniem zawodników jest wykonanie doskonałych ostrzy – od toporów wikingów po hinduskie sztylety. Najlepszy z kowali otrzyma 10 000 dolarów w gotówce i upragniony tytuł mistrza.
https://r.dcs.redcdn.pl/scale/play/playtv/images/catchup/2a9b1db4-21ea-4264-8745-9422de895ce4/ALL_CREATURES_GREAT_AND_SMALL_S1_EP4_A51011994.jpg?srcmode=3&srcw=16&srch=9&dstw=420&dsth=236&quality=80&type=1;https://r.dcs.redcdn.pl/scale/play/playtv/upload/live/2060267/images/908106481?srcmode=3&srcx=0&srcy=0&srcw=1&srch=1&dstw=512&dsth=512&type=0;https://playnow.pl/wideo/serial/10032266;Wszystkie stworzenia duże i małe;Dramat;James Herriot spełnia swoje marzenia i zaczyna pracę jako weterynarz na północy hrabstwa Yorkshire. Szybko odkrywa, że leczenie zwierząt to także relacje z ich właścicielami — a te bywają trudne...
https://r.dcs.redcdn.pl/scale/play/playtv/images/catchup/b525134d-dbc2-4a95-99e8-d9ce2d8d8fbf/2302_2065_10658639751668_P1003534_Episode_1920x1080.jpg?srcmode=3&srcw=16&srch=9&dstw=420&dsth=236&quality=80&type=1;https://r.dcs.redcdn.pl/scale/play/playtv/upload/packet/4682418/images/259965422?srcmode=3&srcx=0&srcy=0&srcw=1&srch=1&dstw=512&dsth=512&type=0;https://playnow.pl/wideo/serial/18804340;CZARNY RYNEK;Rozrywka;Cyberprzestępstwa - takie jak oszustwa związane z kartami kredytowymi, kradzież tożsamości oraz złośliwe oprogramowanie typu ransomware - to najszybciej rozwijająca się w Stanach Zjednoczonych dziedzina działalności czarnorynkowej. W związku z tym nasze dane stają się towarem cenniejszym niż złoto, broń i narkotyki. Mariana usiłuje dociec, w jaki sposób tajemnicza sieć złodziei hakerów, mająca globalny zasięg, wykrada i sprzedaje poufne informacje o nas.
https://r.dcs.redcdn.pl/scale/play/playtv/upload/live/8/images/1028899355?srcmode=3&srcx=0&srcy=0&srcw=1&srch=1&dstw=512&dsth=512&type=0;https://r.dcs.redcdn.pl/scale/play/playtv/upload/live/8/images/1028899355?srcmode=3&srcx=0&srcy=0&srcw=1&srch=1&dstw=512&dsth=512&type=0;https://playnow.pl/wideo/serial/13818798;Zaginione światy;Dokument;Od zamku prawdziwego hrabiego Draculi do supermiasta Adolfa Hitlera – program opowiada o niegdyś sławnych świątyniach, twierdzach i cywilizacjach, pamięć o których zatarł upływ czasu.
https://r.dcs.redcdn.pl/scale/play/playtv/images/catchup/951dc782-bd49-43b6-9381-49da88d5392c/AEL0129559_POST_SN_1920x1080.jpg?srcmode=3&srcw=16&srch=9&dstw=420&dsth=236&quality=80&type=1;https://r.dcs.redcdn.pl/scale/play/playtv/upload/live/5511368/images/1025055463?srcmode=3&srcx=0&srcy=0&srcw=1&srch=1&dstw=512&dsth=512&type=0;https://playnow.pl/wideo/serial/19484114;Policjanci, którzy zabijają;Dokument;Serial „Stróże zła: przestępcy w mundurze” powraca z zestawem siedmiu nowych spraw, tym razem nie ograniczając się wyłącznie do policjantów-morderców, ale rozszerzając zakres „bohaterów” także o malwersantów, oszustów, przestępców seksualnych i dilerów narkotyków. Will Mellor i jego zespół ekspertów, w tym emerytowany nadkomisarz Howard Groves i psycholog sądowa Serena Simmons są gotowi, aby znów rzucić się w wir pracy. W tym sezonie dołączy do nich także była nadkomisarz policji Sue Hill, która od 30 lat zajmuje się badaniem zbrodni. Eksperci postarają się wyjść daleko poza sensacyjne nagłówki gazet i dociec, co naprawdę skłoniło ludzi na wysokich stanowiskach do tak szokującego nadużycia władzy.
https://r.dcs.redcdn.pl/scale/play/playtv/images/catchup/5d40c300-5db7-406c-bfad-0e89eac6060d/AEL0043648_POST_SN_1920x1080.jpg?srcmode=3&srcw=16&srch=9&dstw=420&dsth=236&quality=80&type=1;https://r.dcs.redcdn.pl/scale/play/playtv/upload/live/8/images/1028899355?srcmode=3&srcx=0&srcy=0&srcw=1&srch=1&dstw=512&dsth=512&type=0;https://playnow.pl/wideo/serial/13403996;Znałem Jezusa;Dokument;Historia życia Jezusa przedstawiona z perspektywy osób najbliżej z Nim związanych. Każda z postaci snuje emocjonalną opowieść o Jezusie ilustrowaną fabularyzowanymi scenami, które przeplatają się z wypowiedziami historyków i przywódców religijnych.
https://r.dcs.redcdn.pl/scale/play/playtv/images/catchup/c8809805-6781-452d-80e7-00ea33e8ee92/AEL0135425_POST_SN_1920x1080.jpg?srcmode=3&srcw=16&srch=9&dstw=420&dsth=236&quality=80&type=1;https://r.dcs.redcdn.pl/scale/play/playtv/upload/live/9/images/1025055487?srcmode=3&srcx=0&srcy=0&srcw=1&srch=1&dstw=512&dsth=512&type=0;https://playnow.pl/wideo/serial/24991202;Uprowadzeni przez kosmitów;Dokument;„Uprowadzeni przez kosmitów” w reżyserii Johna Yosta przedstawia m.in. historię pisarza, Whitleya Streibera, autora bestsellerów takich jak „Wspólnota: prawdziwa opowieść” i „Pojutrze”, który sam był ofiarą uprowadzenia przez kosmitów. W programie usłyszymy także inne przypadki porwań, a także wysiłki rządów całego świata, mające na celu ukryć związane z tą kwestią fakty przed opinią publiczną. Dzięki wykorzystaniu nowatorskiej techniki hipnoterapii kwantowej film stawia szokujące pytania i udziela jeszcze bardziej szokujących odpowiedzi.
https://r.dcs.redcdn.pl/scale/play/playtv/upload/live/9/images/1025055487?srcmode=3&srcx=0&srcy=0&srcw=1&srch=1&dstw=512&dsth=512&type=0;https://r.dcs.redcdn.pl/scale/play/playtv/upload/live/9/images/1025055487?srcmode=3&srcx=0&srcy=0&srcw=1&srch=1&dstw=512&dsth=512&type=0;https://playnow.pl/wideo/serial/6490556;Ściśle tajne samoloty wojskowe;Dokument;Po raz pierwszy w swojej 75-letniej historii koncern Lockheed Martin otwiera hangary i ujawnia szczegóły dotyczące tajnego programu rozwojowego firmy, znanego jako Skunk Works.
https://r.dcs.redcdn.pl/scale/play/playtv/images/catchup/073e55db-8e5b-4fd2-8ff3-aca3cc31ac18/AEL0024860_POST_SN_1920x1080.jpg?srcmode=3&srcw=16&srch=9&dstw=420&dsth=236&quality=80&type=1;https://r.dcs.redcdn.pl/scale/play/playtv/upload/live/8/images/1028899355?srcmode=3&srcx=0&srcy=0&srcw=1&srch=1&dstw=512&dsth=512&type=0;https://playnow.pl/wideo/serial/32943402;Tajemnice odszyfrowane;Dokument;Kto naprawdę kontroluje świat? Poznajemy członka zakonu katolickich egzorcystów i szukamy korzeni grupy hakerskiej „Anonymous”. Czy amerykański rząd tworzy superżołnierzy o kontrolowanych umysłach, takich jak Jason Bourne?
https://r.dcs.redcdn.pl/scale/play/playtv/images/catchup/60321032-2681-470f-a356-236d9af2a295/DOM_98119775_v1_SERIAL.jpg?srcmode=3&srcw=16&srch=9&dstw=420&dsth=236&quality=80&type=1;https://r.dcs.redcdn.pl/scale/play/playtv/upload/live/13538155/images/833526683?srcmode=3&srcx=0&srcy=0&srcw=1&srch=1&dstw=512&dsth=512&type=0;https://playnow.pl/wideo/serial/32857114;Daleko od miasta;Serial;Do niedawna mieszkanie daleko od miasta było spełnianiem marzeń o sielskim życiu. W dobie pandemii często jest to realizacja praktycznej potrzeby. Nagle okazało się, że miasto może stać się więzieniem. Łatwiej jest znieść zakazy, gdy ma się więcej własnej przestrzeni i kawałek ogródka. Natalia Sosin-Krosnowska odwiedza ludzi, którzy wyprowadzili się na wieś. Czy są zadowoleni z tej decyzji?
https://r.dcs.redcdn.pl/scale/play/playtv/upload/vod_serial/13868793/images/884373618?srcmode=3&srcw=16&srch=9&dstw=420&dsth=236&quality=80&type=1;https://r.dcs.redcdn.pl/scale/play/playtv/upload/live/2060267/images/908106481?srcmode=3&srcx=0&srcy=0&srcw=1&srch=1&dstw=512&dsth=512&type=0;https://playnow.pl/wideo/serial/13868793;Sisi;Dramat;"Sisi była pierwszą celebrytką Europy; beztroska nastolatka zakochała się w potężnym i wpływowym mężczyźnie, który jednak miał także swoją mroczną i niebezpieczną stronę. Sisi podjęła to wyzwanie..."
https://r.dcs.redcdn.pl/scale/play/playtv/upload/live/2060267/images/908106481?srcmode=3&srcx=0&srcy=0&srcw=1&srch=1&dstw=512&dsth=512&type=0;https://r.dcs.redcdn.pl/scale/play/playtv/upload/live/2060267/images/908106481?srcmode=3&srcx=0&srcy=0&srcw=1&srch=1&dstw=512&dsth=512&type=0;https://playnow.pl/wideo/serial/12304896;Zagadki kryminalne nowej panny Fisher;Dramat;1964: słynna ciotka, której Peregrine Fisher nigdy nie poznała, zaginęła. Teraz nowa panna Fisher musi udowodnić, że jest na tyle błyskotliwa, by stać się światowej klasy prywatnym detektywem.
https://r.dcs.redcdn.pl/scale/play/playtv/images/catchup/4e4699b3-4d50-4f80-853f-e21ee50bec26/DALGLIESH_S1_EP2_A51015633.jpg?srcmode=3&srcw=16&srch=9&dstw=420&dsth=236&quality=80&type=1;https://r.dcs.redcdn.pl/scale/play/playtv/upload/live/2060267/images/908106481?srcmode=3&srcx=0&srcy=0&srcw=1&srch=1&dstw=512&dsth=512&type=0;https://playnow.pl/wideo/serial/15374711;Dalgliesh;Dramat;Seria kryminalna, której akcja rozpoczyna się w Anglii w latach 70. XX w. Adam Dalgliesh - detektyw stworzony przez brytyjską pisarkę P.D. James - rozwiązuje zagadki kolejnych niezwykłych morderstw.
https://r.dcs.redcdn.pl/scale/play/playtv/images/catchup/830e04a7-acb0-4ec9-939f-7b5717045a10/2303_2065_10751263512668_P0864212_Topic_1920x1080.jpg?srcmode=3&srcw=16&srch=9&dstw=420&dsth=236&quality=80&type=1;https://r.dcs.redcdn.pl/scale/play/playtv/upload/packet/4682418/images/259965422?srcmode=3&srcx=0&srcy=0&srcw=1&srch=1&dstw=512&dsth=512&type=0;https://playnow.pl/wideo/serial/18444285;WĘŻE;Historia naturalna;Po spokojnej zimie łowcy węży Simon Keys i jego żona Nadine nie mogą się doczekać powrotu do pracy. Początek sezonu zapowiada się groźnie. Simon zostaje zaatakowany przez kobrę i musi się zmierzyć z wielką mambą czarną.
https://r.dcs.redcdn.pl/scale/play/playtv/images/catchup/feae489d-dffe-46ca-9a67-a2ed5b8522ba/AEL0160994_POST_SN_1920x1080.jpg?srcmode=3&srcw=16&srch=9&dstw=420&dsth=236&quality=80&type=1;https://r.dcs.redcdn.pl/scale/play/playtv/upload/live/5511368/images/1025055463?srcmode=3&srcx=0&srcy=0&srcw=1&srch=1&dstw=512&dsth=512&type=0;https://playnow.pl/wideo/serial/31985946;Uznani za zmarłych;Dokument;„Uznani za zmarłych” to serial, w którym zaginieni niegdyś ludzie opowiadają swoje historie. Rozmowy odbywają się w intymnej kinowej scenerii. W programie wypowiedzą się także ich przyjaciele i rodzina, a także eksperci w dziedzinie porwań, oszustw tożsamościowych i technik przetrwania.
https://r.dcs.redcdn.pl/scale/play/playtv/upload/live/8/images/1028899355?srcmode=3&srcx=0&srcy=0&srcw=1&srch=1&dstw=512&dsth=512&type=0;https://r.dcs.redcdn.pl/scale/play/playtv/upload/live/8/images/1028899355?srcmode=3&srcx=0&srcy=0&srcw=1&srch=1&dstw=512&dsth=512&type=0;https://playnow.pl/wideo/serial/19589577;Polowanie na Hitlera;Dokument;Według dokumentów odtajnionych w 2014 roku przez FBI Adolf Hitler mógł przeżyć II wojnę światową i po upadku nazistowskich Niemiec uciec do Ameryki Południowej. Zespół badaczy, którym przewodzą Bob Baer, weteran CIA z 21-letnim stażem, oraz śledczy ds. zbrodni wojennych John Cencich, próbuje ustalić, czy zbrodniarzowi rzeczywiście udało się dokonać tak skutecznego zniknięcia. Zespół odkrywa tajemniczą kryjówkę nazistów w głębi argentyńskiej dżungli i szuka dowodów na istnienie U-Boota, który pod sam koniec wojny mógł wywieźć Hitlera na drugą półkulę.
https://r.dcs.redcdn.pl/scale/play/playtv/images/catchup/d42c3820-8124-4d89-b77b-46b2e836b4bb/AEL0047393_POST_SN_1920x1080.jpg?srcmode=3&srcw=16&srch=9&dstw=420&dsth=236&quality=80&type=1;https://r.dcs.redcdn.pl/scale/play/playtv/upload/live/8/images/1028899355?srcmode=3&srcx=0&srcy=0&srcw=1&srch=1&dstw=512&dsth=512&type=0;https://playnow.pl/wideo/serial/6094260;Jak powstała Ziemia;Dokument;Opowieść o powstaniu naszej planety ma swój początek 4,5 miliarda lat temu. Potem pod wpływem potężnych sił wygląd Ziemi się zmieniał. Ekspertyzy geologiczne pozwalają prześledzić kolejne etapy tego procesu.
https://r.dcs.redcdn.pl/scale/play/playtv/images/catchup/88578ccf-5aae-4d79-a20c-b934213a7687/AEL0151319_POST_SN_1920x1080.jpg?srcmode=3&srcw=16&srch=9&dstw=420&dsth=236&quality=80&type=1;https://r.dcs.redcdn.pl/scale/play/playtv/upload/live/9/images/1025055487?srcmode=3&srcx=0&srcy=0&srcw=1&srch=1&dstw=512&dsth=512&type=0;https://playnow.pl/wideo/serial/32447874;Tajemnice gangów: Hells Angels;Dokument;Hells Angels to jedna z najbardziej znanych grup motocyklowych, która uznawana jest za organizację przestępczą. Ich wewnętrzne działania nigdy nie zostały w pełni ujawnione – aż do teraz. Rozszerzając naszą serię „Secrets of”, usłyszymy nigdy wcześniej niesłyszane sekrety, które zdradzą demaskatorzy, byłe żony członków Hells Angels i ci, którzy są gotowi, aby opowiedzieć prawdę. Seria nie tylko rzuci światło na najbardziej niesławne historie tej grupy, ale także zbada, co dzieje się w organizacji dzisiaj.
https://r.dcs.redcdn.pl/scale/play/playtv/images/catchup/ffcbfd59-2bae-44da-9c49-f5785e7e894f/AEL0160444_POST_SN_1920x1080.jpg?srcmode=3&srcw=16&srch=9&dstw=420&dsth=236&quality=80&type=1;https://r.dcs.redcdn.pl/scale/play/playtv/upload/live/5511368/images/1025055463?srcmode=3&srcx=0&srcy=0&srcw=1&srch=1&dstw=512&dsth=512&type=0;https://playnow.pl/wideo/serial/31089978;Seryjni mordercy: zło z bliska;Dokument;"„Seryjni mordercy: zło z bliska” to nowy 6-odcinkowy serial kryminalny, w którym powracamy do nikczemnych czynów jednych z najbardziej niesławnych zabójców z Wielkiej Brytanii i Ameryki. Program odkrywa zło kryjące się za ich często niepozornymi twarzami. Każdy odcinek łączy w sobie relacje detektywów, którzy pracowali nad tymi sprawami, z ekspercką analizą kryminologa i psychologa sądowego.
Program odkrywa także życie zabójców, bada, dlaczego mogli stać się tacy, jacy się stali i przygląda się szczegółom każdej szokującej sprawy - od pierwszego przestępstwa zabójcy, aż po morderstwo, dzięki któremu zostali złapani. Ponownie analizując dowody, które doprowadziły do schwytania tych niebezpiecznych przestępców, zadajemy pytanie: czy cokolwiek można było zrobić inaczej?"
https://r.dcs.redcdn.pl/scale/play/playtv/upload/live/5511368/images/1025055463?srcmode=3&srcx=0&srcy=0&srcw=1&srch=1&dstw=512&dsth=512&type=0;https://r.dcs.redcdn.pl/scale/play/playtv/upload/live/5511368/images/1025055463?srcmode=3&srcx=0&srcy=0&srcw=1&srch=1&dstw=512&dsth=512&type=0;https://playnow.pl/wideo/serial/32247542;Mroczne sekrety: kastracja w sieci;Dokument;Prowadzony przez Marcela Theroux program przedstawia historię Mariusa „Theo” Gustavsona, znanego jako „Twórca eunuchów”. Według doniesień przeprowadzał on w swoim domu operacje usuwania narządów płciowych, które transmitował online przed tysiącami widzów.
https://r.dcs.redcdn.pl/scale/play/playtv/images/catchup/9aa326d3-8d39-411b-9f39-7e5d849a5076/JOAN_S1_EP5_A51027566.jpg?srcmode=3&srcw=16&srch=9&dstw=420&dsth=236&quality=80&type=1;https://r.dcs.redcdn.pl/scale/play/playtv/upload/live/2060267/images/908106481?srcmode=3&srcx=0&srcy=0&srcw=1&srch=1&dstw=512&dsth=512&type=0;https://playnow.pl/wideo/serial/32058000;Joan;Dramat;Serial zainspirowany prawdziwą historią Joan Hannington — najbardziej znanej złodziejki klejnotów w Wielkiej Brytanii. Historia rozgrywa się na tle Londynu z lat 80. XX w.
https://r.dcs.redcdn.pl/scale/play/playtv/images/catchup/41c2c99c-a406-447f-a546-212660805461/cover_pc.jpg?srcmode=3&srcw=16&srch=9&dstw=420&dsth=236&quality=80&type=1;https://r.dcs.redcdn.pl/scale/play/playtv/upload/live/15660407/images/1028917029?srcmode=3&srcx=0&srcy=0&srcw=1&srch=1&dstw=512&dsth=512&type=0;https://playnow.pl/wideo/serial/31963502;Happy i Zen;Lifestyle;Laury Thilleman, była Miss Francji pokazuje, jak dbać o siebie poprzez żywienie, aktywność fizyczną i dbanie o urodę.
https://r.dcs.redcdn.pl/scale/play/playtv/images/catchup/b33b78ea-9918-4083-890d-68a13d969432/cover_pc.jpg?srcmode=3&srcw=16&srch=9&dstw=420&dsth=236&quality=80&type=1;https://r.dcs.redcdn.pl/scale/play/playtv/upload/live/15660407/images/1028917029?srcmode=3&srcx=0&srcy=0&srcw=1&srch=1&dstw=512&dsth=512&type=0;https://playnow.pl/wideo/serial/31963493;Ćwicz z Olą Żelazo;Lifestyle;Cykl ćwiczeń pilates, joga lub kombinacji obu tych szkół czyli jogalates. Płaski brzuch? Zdrowy i mocny kręgosłup?  Smukłe nogi? Wszystko to jest możliwe, jeśli będziesz konsekwentnie i regularnie ćwiczyć.
https://r.dcs.redcdn.pl/scale/play/playtv/upload/packet/4682418/images/259965422?srcmode=3&srcx=0&srcy=0&srcw=1&srch=1&dstw=512&dsth=512&type=0;https://r.dcs.redcdn.pl/scale/play/playtv/upload/packet/4682418/images/259965422?srcmode=3&srcx=0&srcy=0&srcw=1&srch=1&dstw=512&dsth=512&type=0;https://playnow.pl/wideo/serial/18444287;KOBIETY, KTÓRE ZMIENIAJĄ ŚWIAT;Historyczny;Zaskakująco często rolę faraona starożytnego Egiptu pełniły kobiety. Oprócz tak znanych postaci jak Nefertiti czy Kleopatra do grona wybitnych władczyń zaliczyć można Hatszepsut czy Nefertari. Odkryjmy, jak te niezwykłe przywódczynie doszły do władzy i jakie dziedzictwo zostawiły po sobie w kraju zdominowanym przez mężczyzn.
https://r.dcs.redcdn.pl/scale/play/playtv/images/catchup/203155d5-3a3f-4294-bbf2-cfb2a4df166c/AEL0125795_POST_SN_1920x1080.jpg?srcmode=3&srcw=16&srch=9&dstw=420&dsth=236&quality=80&type=1;https://r.dcs.redcdn.pl/scale/play/playtv/upload/live/8/images/1028899355?srcmode=3&srcx=0&srcy=0&srcw=1&srch=1&dstw=512&dsth=512&type=0;https://playnow.pl/wideo/serial/21105307;Miejsca nie z tej ziemi;Dokument;Seria dokumentalna.
https://r.dcs.redcdn.pl/scale/play/playtv/images/catchup/30181a62-39e3-4df3-b00e-fadbb2a61749/MURDOCH_MYSTERIES_S15_EP10_A51015507.jpg?srcmode=3&srcw=16&srch=9&dstw=420&dsth=236&quality=80&type=1;https://r.dcs.redcdn.pl/scale/play/playtv/upload/live/2060267/images/908106481?srcmode=3&srcx=0&srcy=0&srcw=1&srch=1&dstw=512&dsth=512&type=0;https://playnow.pl/wideo/serial/19962869;Detektyw Murdoch;Dramat;Lata 90. XIX w.: William Murdoch sięga po nowatorskie techniki kryminologiczne, takie jak badanie odcisków palców i traseologia, aby wyjaśniać najbardziej makabryczne morderstwa i chwytać przestępców.
https://r.dcs.redcdn.pl/scale/play/playtv/images/catchup/6ae3ce85-4dc5-4bad-ae44-84974d5a70d1/2211_744592-2065-493240_P0924666_Episode_1920x1080.jpg?srcmode=3&srcw=16&srch=9&dstw=420&dsth=236&quality=80&type=1;https://r.dcs.redcdn.pl/scale/play/playtv/upload/packet/4682418/images/259965422?srcmode=3&srcx=0&srcy=0&srcw=1&srch=1&dstw=512&dsth=512&type=0;https://playnow.pl/wideo/serial/16821420;ZAGADKI KRYMINALNE;Kultura;Przedstawiciele prawa, pełniący służbę na międzynarodowym lotnisku El Dorado w Bogocie, pracują niestrudzenie, by powstrzymać przemyt nielegalnych towarów. Specjalnie wyszkolone psy namierzają walizkę, w której mogą być ukryte narkotyki. Agenci przesłuchują parę, którą zainteresowali się funkcjonariusze wydziału antynarkotykowego. Oboje zostają aresztowani po tym, jak się okazuje, że połknęli kapsułki wypełnione narkotykami.
https://r.dcs.redcdn.pl/scale/play/playtv/upload/live/9/images/1025055487?srcmode=3&srcx=0&srcy=0&srcw=1&srch=1&dstw=512&dsth=512&type=0;https://r.dcs.redcdn.pl/scale/play/playtv/upload/live/9/images/1025055487?srcmode=3&srcx=0&srcy=0&srcw=1&srch=1&dstw=512&dsth=512&type=0;https://playnow.pl/wideo/serial/30386903;Zabić dyktatora;Dokument;Zaczynając od chwil przed ostatecznym ciosem, kiedy śmierć wydaje się niemal nieunikniona. Zatrzymamy się, aby dowiedzieć się, kto stoi w obliczu swojej śmierci i co motywowało morderstwo... Cofniemy się w czasie, aby zobaczyć, jak tyran, który wkrótce zostanie zamordowany, sprawował władzę nad innymi. Jakie kluczowe wydarzenia wpłynęły na naród? Następnie poznamy osoby, które miały nadzieję zmienić bieg historii. Jaką mieli misję, jakie pułapki zostały zastawione? I jak doszło do tego, że zostali znalezieni z dymiącym pistoletem w ręku.
https://r.dcs.redcdn.pl/scale/play/playtv/images/catchup/1da80297-f5f5-481e-b729-827a81a0b04d/AEL0157106_POST_SN_1920x1080.jpg?srcmode=3&srcw=16&srch=9&dstw=420&dsth=236&quality=80&type=1;https://r.dcs.redcdn.pl/scale/play/playtv/upload/live/9/images/1025055487?srcmode=3&srcx=0&srcy=0&srcw=1&srch=1&dstw=512&dsth=512&type=0;https://playnow.pl/wideo/serial/30295615;UFO: szlakiem bliskich spotkań;Dokument;Przez lata oddani obserwatorzy UFO śledzili tworzyli ogólnoświatową siatkę miejsc, w których nasi potencjalni galaktyczni sąsiedzi lądowali lub przelatywali nad naszą planetą. Kiedy spojrzymy na te zapisy - wyłaniają się wzorce zbyt oczywiste, by je odrzucić. Czego obcy mogą chcieć od niektórych obszarów? Czy mapują naszą planetę od dawna, nawet zanim istnieliśmy? Czy wiedzą o Ziemi coś, czego my nie wiemy? Co takiego jest w obszarach, które często odwiedzają? Czy oznaczają zasoby? Miejsca lądowania? Przyszłe miejsca budowy projektów obcych? A może te zgłoszone obserwacje są strategicznymi wabikami, zmuszającymi nas do patrzenia w jednym kierunku, pozwalając im działać bezpiecznie i niezauważenie gdzie indziej? Tego spróbujemy się dowiedzieć w programie „UFO: szlakiem bliskich spotkań”.
https://r.dcs.redcdn.pl/scale/play/playtv/images/catchup/92cb410e-ab17-4910-b667-0406818595c2/A_YEAR_ON_PLANET_EARTH_S1_EP2_A51026243.jpg?srcmode=3&srcw=16&srch=9&dstw=420&dsth=236&quality=80&type=1;https://r.dcs.redcdn.pl/scale/play/playtv/upload/live/2060265/images/913218412?srcmode=3&srcx=0&srcy=0&srcw=1&srch=1&dstw=512&dsth=512&type=0;https://playnow.pl/wideo/serial/30976505;Rok na Ziemi;Przyrodniczy;W tej serii razem z Ziemią okrążamy Słońce. Poznamy niesamowite strategie, których używają zwierzęta, aby radzić sobie o każdej porze roku w nieustannie zmieniającym się środowisku.
https://r.dcs.redcdn.pl/scale/play/playtv/images/catchup/32bb89d6-07a6-4372-8ae9-9415b6fe2774/AEL0084586_POST_SN_1920x1080.jpg?srcmode=3&srcw=16&srch=9&dstw=420&dsth=236&quality=80&type=1;https://r.dcs.redcdn.pl/scale/play/playtv/upload/live/9/images/1025055487?srcmode=3&srcx=0&srcy=0&srcw=1&srch=1&dstw=512&dsth=512&type=0;https://playnow.pl/wideo/serial/30955398;Złoto Hitlera;Dokument;Kto opłacał działalność Hitlera? Kto zaoferował mu wsparcie, dzięki któremu zdobył władzę w 1933 roku? Serial ujawnia stworzoną przez dyktatora tajną sieć powiązań finansowych zapewniających mu fundusze na realizację marzenia o światowej dominacji.
https://r.dcs.redcdn.pl/scale/play/playtv/upload/live/2060265/images/913218412?srcmode=3&srcx=0&srcy=0&srcw=1&srch=1&dstw=512&dsth=512&type=0;https://r.dcs.redcdn.pl/scale/play/playtv/upload/live/2060265/images/913218412?srcmode=3&srcx=0&srcy=0&srcw=1&srch=1&dstw=512&dsth=512&type=0;https://playnow.pl/wideo/serial/30980098;Kongo z Benem Fogle'em;Przyrodniczy;"Ben Fogle wędruje przez Republikę Konga. Przemierza 2,5 tys. km, od rzeki Kongo po ulice Brazzaville — i odkrywa tętniącą życiem kulturę, która sprawia, że Kongo bywa nazywane „bijącym sercem Afryki""."
https://r.dcs.redcdn.pl/scale/play/playtv/images/catchup/87ed1c2e-3220-4dfa-a253-8b16c5b20761/FEMALE_SPIES_OF_WWII_S1_EP2_A51026720.jpg?srcmode=3&srcw=16&srch=9&dstw=420&dsth=236&quality=80&type=1;https://r.dcs.redcdn.pl/scale/play/playtv/upload/live/38024/images/913218410?srcmode=3&srcx=0&srcy=0&srcw=1&srch=1&dstw=512&dsth=512&type=0;https://playnow.pl/wideo/serial/30976486;II wojna światowa: agentki;Historyczny;"Serial opowiada historie kobiet-szpiegów, które przezwyciężyły systemowy seksizm, aby poświęcić życie dla swoich krajów; ich szpiegowskie wysiłki pomogły odwrócić losy II wojny światowej."
https://r.dcs.redcdn.pl/scale/play/playtv/images/catchup/b59ef73e-e509-41dc-8a42-957471b63140/ANCIENT_SUPERSTRUCTURES_S2_EP3_A51014447.jpg?srcmode=3&srcw=16&srch=9&dstw=420&dsth=236&quality=80&type=1;https://r.dcs.redcdn.pl/scale/play/playtv/upload/live/38024/images/913218410?srcmode=3&srcx=0&srcy=0&srcw=1&srch=1&dstw=512&dsth=512&type=0;https://playnow.pl/wideo/serial/14288043;Starożytne superbudowle;Historyczny;Poznamy tajemnice konstrukcji najsłynniejszych budowli starożytności — spojrzymy na nie z różnych perspektyw, od zdjęć satelitarnych aż po analizę mikroskopową.
https://r.dcs.redcdn.pl/scale/play/playtv/images/catchup/0e2820f5-d674-4a51-bccc-501860a0f689/EXTREME_MOUNTAIN_CARPENTERS_S3_EP3_A51027753.jpg?srcmode=3&srcw=16&srch=9&dstw=420&dsth=236&quality=80&type=1;https://r.dcs.redcdn.pl/scale/play/playtv/upload/live/2060266/images/913218414?srcmode=3&srcx=0&srcy=0&srcw=1&srch=1&dstw=512&dsth=512&type=0;https://playnow.pl/wideo/serial/30955459;Górscy cieśle;Inne;Program ukazuje działania wyjątkowej, rodzinnej firmy Legno House — lidera w dziedzinie renowacji historycznych schronisk górskich położonych na dużych wysokościach we włoskich Dolomitach.
https://r.dcs.redcdn.pl/scale/play/playtv/upload/live/2060266/images/913218414?srcmode=3&srcx=0&srcy=0&srcw=1&srch=1&dstw=512&dsth=512&type=0;https://r.dcs.redcdn.pl/scale/play/playtv/upload/live/2060266/images/913218414?srcmode=3&srcx=0&srcy=0&srcw=1&srch=1&dstw=512&dsth=512&type=0;https://playnow.pl/wideo/serial/30955450;Z samolotu do sieci;Inne;Seria ukazuje najbardziej poruszające i przerażające wypadki lotnicze, a także analizuje inżynierię i technologię, które zapewniają nam bezpieczeństwo w przestworzach.
https://r.dcs.redcdn.pl/scale/play/playtv/images/catchup/a5f8a85a-d8de-4e63-855c-f2cc31b36043/AEL0014435_POST_SN_1920x1080.jpg?srcmode=3&srcw=16&srch=9&dstw=420&dsth=236&quality=80&type=1;https://r.dcs.redcdn.pl/scale/play/playtv/upload/live/8/images/1028899355?srcmode=3&srcx=0&srcy=0&srcw=1&srch=1&dstw=512&dsth=512&type=0;https://playnow.pl/wideo/serial/19977456;Na tropie gigantów;Dokument;Kilka lat temu dwaj ciężko pracujący kamieniarze Bill i Jim Vieira natknęli się w lasach Massachusetts na coś, co miało na zawsze odmienić ich życie – i być może zmieni dzieje ludzkości. Bracia Vieira odkryli kompleks zaawansowanych kamiennych budowli i tuneli, które mogą być pozostałością po zaginionej cywilizacji nigdy niewspominanej w podręcznikach historii. Dalsze badania przyniosły jeszcze bardziej niesamowite odkrycie: tę nieznaną cywilizację stworzyła rasa olbrzymich humanoidów, którzy kiedyś zamieszkiwali Amerykę Północną. W „Na tropie gigantów” wraz z braćmi Vieira odwiedzamy sekretne komory, podziemne tunele i tajemnicze kurhany, poszukując choć jednej kości, jednego włosa czy fragmentu DNA, który by pozwolił wyjaśnić ten zagadkowy rozdział w historii Ameryki.
https://r.dcs.redcdn.pl/scale/play/playtv/images/catchup/2b22eb2b-1e56-4447-a323-fd5288c3f37a/AEL0160421_POST_SN_1920x1080.jpg?srcmode=3&srcw=16&srch=9&dstw=420&dsth=236&quality=80&type=1;https://r.dcs.redcdn.pl/scale/play/playtv/upload/live/9/images/1025055487?srcmode=3&srcx=0&srcy=0&srcw=1&srch=1&dstw=512&dsth=512&type=0;https://playnow.pl/wideo/serial/30416378;Lager Sylt: Tajemnica Wyspy Hitlera;Dokument;Ten dwuczęściowy dokument ujawnia po raz pierwszy, że tysiące ludzi – głównie Żydów – zginęło z rąk nazistów na terytorium Wielkiej Brytanii. Program przedstawia druzgocącą historię prześladowań na brytyjskiej ziemi podczas II wojny światowej, która do tej pory była ukryta. Dowodami tych dramatycznych wydarzeń będą odkryte masowe groby i ujawnione tajne dokumenty.
https://r.dcs.redcdn.pl/scale/play/playtv/images/catchup/c8054ab3-3aa7-442c-b706-b095a91f9a4d/AEL0154607_POST_SN_1920x1080.jpg?srcmode=3&srcw=16&srch=9&dstw=420&dsth=236&quality=80&type=1;https://r.dcs.redcdn.pl/scale/play/playtv/upload/live/9/images/1025055487?srcmode=3&srcx=0&srcy=0&srcw=1&srch=1&dstw=512&dsth=512&type=0;https://playnow.pl/wideo/serial/29366683;Dalej niż ranczo kosmitów;Dokument;Skinwalker Ranch uważa się dzisiaj powszechnie za światowe centrum niewytłumaczalnych zjawisk i niesamowitości. Od 2020 roku, dr Travis Taylor wespół z Erikiem Bardem i zespołem badawczym bez ustanku pracują, aby uporządkować, przeanalizować oraz rozszyfrować treść maksymalnej możliwej ilości danych związanych z mającymi tam miejsce wydarzeniami. Ich eksperymenty przynoszą fenomenalne rezultaty, jednakże nie wystarczą, aby w pełni odkryć tajemnicę Skinwalker Ranch. W związku z tym, pierwszy raz zdecydowali się poszerzyć zakres swoich poszukiwań. Celem zyskania świeżej perspektywy i skonstruowania obszerniejszych zbiorów informacji, zespół poszerza skład o dwóch nowych członków i przechodzi do ofensywy, badając dowody na podobne zjawiska znalezione w analogicznych miejscach rozsianych po kraju. Dość już siedzenia bez ruchu jak bierna ofiara... Czas udać się DALEJ NIŻ RANCZO KOSMITÓW.
https://r.dcs.redcdn.pl/scale/play/playtv/upload/live/5511368/images/1025055463?srcmode=3&srcx=0&srcy=0&srcw=1&srch=1&dstw=512&dsth=512&type=0;https://r.dcs.redcdn.pl/scale/play/playtv/upload/live/5511368/images/1025055463?srcmode=3&srcx=0&srcy=0&srcw=1&srch=1&dstw=512&dsth=512&type=0;https://playnow.pl/wideo/serial/29750896;Zbrodnie, które wstrząsnęły Anglią;Dokument;Serial rzuca nowe światło na przejmujące zbrodnie, które poruszyły opinię publiczną Wielkiej Brytanii i na zawsze zmieniły kraj. Każdy z odcinków poświęcony jest innej mrocznej historii.
https://r.dcs.redcdn.pl/scale/play/playtv/images/catchup/0b864175-4cf4-426c-bda3-ccd59efe153b/AEL0155715_POST_SN_1920x1080.jpg?srcmode=3&srcw=16&srch=9&dstw=420&dsth=236&quality=80&type=1;https://r.dcs.redcdn.pl/scale/play/playtv/upload/live/9/images/1025055487?srcmode=3&srcx=0&srcy=0&srcw=1&srch=1&dstw=512&dsth=512&type=0;https://playnow.pl/wideo/serial/29864901;Tajemnice ziem odzyskanych;Dokument;Po klęsce nazistowskich Niemiec w 1945 roku części byłej Trzeciej Rzeszy zostały włączone do Polski. Wyjeżdżający Niemcy pozostawili swoje domy, wsie i miasta, które następnie zostały zasiedlone przez Polaków przybywających pociągami, ciężarówkami i pieszo. Ci nowi osadnicy odkryli sekrety i skarby na terenach znanych jako ziemie odzyskane, co wywołało powszechną fascynację, która trwa do dziś.
https://r.dcs.redcdn.pl/scale/play/playtv/images/catchup/8e4be911-eda7-4656-9ad6-afff173039fd/COMMISSARIO_RICCIARDI_S1_EP3_A51026281.jpg?srcmode=3&srcw=16&srch=9&dstw=420&dsth=236&quality=80&type=1;https://r.dcs.redcdn.pl/scale/play/playtv/upload/live/2060267/images/908106481?srcmode=3&srcx=0&srcy=0&srcw=1&srch=1&dstw=512&dsth=512&type=0;https://playnow.pl/wideo/serial/29982583;Inspektor Ricciardi;Dramat;Enigmatyczny inspektor Ricciardi dysponuje darem, który dla niego jest także przekleństwem: widzi duchy ludzi, którzy zginęli gwałtowną śmiercią, i słyszy ich ostatnie myśli.
https://r.dcs.redcdn.pl/scale/play/playtv/images/catchup/8851dc3a-4039-445b-9e37-77cd0d2b293a/AEL0157536_POST_SN_1920x1080.jpg?srcmode=3&srcw=16&srch=9&dstw=420&dsth=236&quality=80&type=1;https://r.dcs.redcdn.pl/scale/play/playtv/upload/live/5511368/images/1025055463?srcmode=3&srcx=0&srcy=0&srcw=1&srch=1&dstw=512&dsth=512&type=0;https://playnow.pl/wideo/serial/29923726;Dożywotniacy;Dokument;Dożywocie to najsurowszy wymiar kary w polskim prawie. Obecnie w Polsce odbywa ją 441 osób. Każda z nich zabiła z premedytacją, często ze szczególnym okrucieńtwem. Nowy polski serial dokumentalny „Dożywotniacy” to zapis pięciu rozmów z tymi, którzy zgodzili się opowiedzieć swoją historię przed kamerą. Wypowiedzi dożywotniaków uzupełniają inscenizacje i komentarze ekspertów – m.in. profesorów prawa, psychologów i funkcjonariuszy służby więziennej. Bohaterowie programu do końca życia będą zmagali się ze swoją przeszłością w więziennych murach. Niektórzy z nich są wielokrotnymi mordercami, dla których ludzkie życie jest bezwartościowe, a zabicie człowieka przychodzi z niewiarygodną łatwością. Inni nie wiedzą, „co w nich wstąpiło”, mówią, że to był impuls, że byli amoku, że okazało się, że drzemie w nich „potwór”. Mimo że każdy z bohaterów programu jest inny, łączy ich jedno – każdy z nich jest mordercą, a ich jedyną nadzieją na wyjście z więzienia jest warunkowe przedterminowe zwolnienie.
https://r.dcs.redcdn.pl/scale/play/playtv/upload/live/2060267/images/908106481?srcmode=3&srcx=0&srcy=0&srcw=1&srch=1&dstw=512&dsth=512&type=0;https://r.dcs.redcdn.pl/scale/play/playtv/upload/live/2060267/images/908106481?srcmode=3&srcx=0&srcy=0&srcw=1&srch=1&dstw=512&dsth=512&type=0;https://playnow.pl/wideo/serial/8711909;Wiedeńska krew;Dramat;Max Liebermann, uczeń Zygmunta Freuda, pomaga Oskarowi Rheinhardtowi rozwiązać sprawę serii brutalnych morderstw w Wiedniu z początków XX w.
https://r.dcs.redcdn.pl/scale/play/playtv/images/catchup/9eb82459-15f8-4837-a3a1-241809c92663/THE_MARLOW_MURDER_CLUB_S1_EP3_A51027343.jpg?srcmode=3&srcw=16&srch=9&dstw=420&dsth=236&quality=80&type=1;https://r.dcs.redcdn.pl/scale/play/playtv/upload/live/2060267/images/908106481?srcmode=3&srcx=0&srcy=0&srcw=1&srch=1&dstw=512&dsth=512&type=0;https://playnow.pl/wideo/serial/29452854;Marlow: klub zbrodni;Dramat;Emerytowana archeolog, żona duchownego i pani wyprowadzająca psy zaczynają współpracę jako detektywi-amatorzy, ścigając się z czasem, aby powstrzymać seryjnego mordercę grasującego w ich mieście.
https://r.dcs.redcdn.pl/scale/play/playtv/images/catchup/ba1e40d5-bb41-4039-b430-20a9b3b3f567/BIBLE_HUNTERS_S1_EP1_10043297.jpg?srcmode=3&srcw=16&srch=9&dstw=420&dsth=236&quality=80&type=1;https://r.dcs.redcdn.pl/scale/play/playtv/upload/live/38024/images/913218410?srcmode=3&srcx=0&srcy=0&srcw=1&srch=1&dstw=512&dsth=512&type=0;https://playnow.pl/wideo/serial/29047186;W poszukiwaniu biblijnej prawdy;Historyczny;W 1908 roku Charles Freer, Chester Beatty i finansista J.P. Morgan wyruszyli na wyprawę przez Bliski Wschód w poszukiwaniu najwcześniejszych pisemnych wzmianek - dowodów chrześcijaństwa. Udało im się dotrzeć do serii wczesnych tekstów biblijnych, od wieków zaginionych, zagrzebanych w piaskach pustyni i ukrytych w bibliotekach starych klasztorów. Odkryli namacalne dowody chrześcijaństwa, z których pobrzmiewało jeszcze echo głosu samego Jezusa. Kiedy jednak teksty te zostały ze sobą połączone i przetłumaczone rozumienie źródła i ewolucji Nowego Testamentu, a zatem chrześcijaństwa, zostało odmienione. Poszukiwania, zamierzone jako znalezienie dowodów na umocnienie wiary, odkryły prawdę inną od spodziewanej. W programie poznajemy ich historię pełną tak zaskakujących odkryć, jak i pięknych pejzaży.
https://r.dcs.redcdn.pl/scale/play/playtv/images/catchup/c6d330fc-4478-47b7-96db-19185d1e5f01/TOMBS_OF_EGYPT_IMHOTEP,_THE_PYRAMID_CREATOR_S1_EP1_A51026842.jpg?srcmode=3&srcw=16&srch=9&dstw=420&dsth=236&quality=80&type=1;https://r.dcs.redcdn.pl/scale/play/playtv/upload/live/38024/images/913218410?srcmode=3&srcx=0&srcy=0&srcw=1&srch=1&dstw=512&dsth=512&type=0;https://playnow.pl/wideo/serial/29041298;Grobowce Egiptu: Imhotep, twórca piramid;Historyczny;Archeolog Zahi Hawass i jego zespół wyruszają na ekscytującą wyprawę w poszukiwaniu grobowca Imhotepa — największego uczonego starożytnego Egiptu i architekta Piramidy Dżesera.
https://r.dcs.redcdn.pl/scale/play/playtv/upload/live/38024/images/913218410?srcmode=3&srcx=0&srcy=0&srcw=1&srch=1&dstw=512&dsth=512&type=0;https://r.dcs.redcdn.pl/scale/play/playtv/upload/live/38024/images/913218410?srcmode=3&srcx=0&srcy=0&srcw=1&srch=1&dstw=512&dsth=512&type=0;https://playnow.pl/wideo/serial/29008580;Naziści: ściśle tajna nauka;Historyczny;Pod koniec II wojny światowej, kiedy zbliżał się upadek nazistowskiego imperium, wyszły na jaw najmroczniejsze sekrety III Rzeszy. Seria ukazuje historię badań naukowych prowadzonych przez nazistów.
https://r.dcs.redcdn.pl/scale/play/playtv/images/catchup/9d3df164-2b02-4c5d-ac9f-640a39cad55f/THE_GRAND_FISHING_ADVENTURE_S2_EP1_A51026906.jpg?srcmode=3&srcw=16&srch=9&dstw=420&dsth=236&quality=80&type=1;https://r.dcs.redcdn.pl/scale/play/playtv/upload/live/2060266/images/913218414?srcmode=3&srcx=0&srcy=0&srcw=1&srch=1&dstw=512&dsth=512&type=0;https://playnow.pl/wideo/serial/29004126;Wielka wędkarska przygoda;Inne;Dwaj bliscy przyjaciele — doświadczony wędkarz Ali Hamidi oraz były piłkarz i miłośnik wędkowania Bobby Zamora — wyruszają na wyprawę marzeń.
https://r.dcs.redcdn.pl/scale/play/playtv/images/catchup/b38eff87-43ef-41ad-a74a-03040898a6e3/COASTGUARD_SEARCH_AND_RESCUE_SOS_S1_EP2_A51026968.jpg?srcmode=3&srcw=16&srch=9&dstw=420&dsth=236&quality=80&type=1;https://r.dcs.redcdn.pl/scale/play/playtv/upload/live/2060266/images/913218414?srcmode=3&srcx=0&srcy=0&srcw=1&srch=1&dstw=512&dsth=512&type=0;https://playnow.pl/wideo/serial/29004120;Brytyjska straż przybrzeżna;Inne;Program o pracy brytyjskiej Agencji Straży Morskiej i Przybrzeżnej, zajmującej się zapewnianiem bezpieczeństwa, prowadzeniem akcji ratunkowych i egzekwowaniem prawa morskiego na brytyjskich wodach.
https://r.dcs.redcdn.pl/scale/play/playtv/images/catchup/d24a83f2-e0be-4430-8d91-ce8b288065fc/cover_pc.jpg?srcmode=3&srcw=16&srch=9&dstw=420&dsth=236&quality=80&type=1;https://r.dcs.redcdn.pl/scale/play/playtv/upload/live/15660407/images/1028917029?srcmode=3&srcx=0&srcy=0&srcw=1&srch=1&dstw=512&dsth=512&type=0;https://playnow.pl/wideo/serial/28048014;Zwierzaki z misją;Lifestyle;Zwierzaki z misją to serial dokumentalny opowiadający historie ludzi, których życie zostało odmienione przez posiadanie terapeutycznego zwierzęcia.
https://r.dcs.redcdn.pl/scale/play/playtv/upload/live/15660407/images/1028917029?srcmode=3&srcx=0&srcy=0&srcw=1&srch=1&dstw=512&dsth=512&type=0;https://r.dcs.redcdn.pl/scale/play/playtv/upload/live/15660407/images/1028917029?srcmode=3&srcx=0&srcy=0&srcw=1&srch=1&dstw=512&dsth=512&type=0;https://playnow.pl/wideo/serial/28048006;Zdrowe dzieciaki;Poradnik;Zdrowe dzieciaki to magazyn poświęcony rehabilitacji oraz zdrowiu dzieci właśnie. Pokażemy, jak zadbać o zdrowy kręgosłup dziecka, oraz w jaki sposób powinno się nosić plecak. Przedstawimy też porady ekspertów dotyczące prawidłowego siedzenia przy biurku oraz jak w domowych warunkach sprawdzić, czy stopy naszego dziecka są prawidłowo ukształtowane i jak przy tym dobrze się bawić z najmłodszymi.
https://r.dcs.redcdn.pl/scale/play/playtv/images/catchup/70db3b54-adb8-4dbf-ac69-447a97da7d67/DOM_98119734_v1_SERIAL.jpg?srcmode=3&srcw=16&srch=9&dstw=420&dsth=236&quality=80&type=1;https://r.dcs.redcdn.pl/scale/play/playtv/upload/live/13538155/images/833526683?srcmode=3&srcx=0&srcy=0&srcw=1&srch=1&dstw=512&dsth=512&type=0;https://playnow.pl/wideo/serial/27010563;Wyzwanie - nowe mieszkanie;Serial;Różnorodność. To słowo najlepiej oddaje to, co pokażemy w tym sezonie programu. Prowadzący Damian Urbańczyk będzie szukał idealnego lokum dla osób o rozmaitych wymaganiach i budżetach. Od niedrogich mieszkań w blokach z wielkiej płyty, przez apartamenty w nowych inwestycjach, po luksusowy dom pod Warszawą za kilka milionów złotych. Przekonaj się, co oferuje polski rynek nieruchomości.